,OBJECTID,NAME,ADDRESS,BUILDING_DESCRIPTION,GROSS_AREA
0,1,Temple University,2450 W HUNTING PARK AVE,OFF/BLD N/COMM W-PKG MASO,231347
1,2,Temple University,1501-39 MARKET ST,OFF/BLDG COMM NO GAR MASO,47425
2,3,Temple University Medical,801 CHERRY ST,APTS 51-100UNTS MASONRY,29301
3,4,Temple University Medical,800-20 RACE ST,SCHOOL 7STY MASONRY,34030
4,5,Temple University Medical,191-99 E HUNTINGDON ST,HSE WORSHIP ALL3STY MASON,22500
5,6,Temple University Medical,100 E LEHIGH AVE,HEALTH FAC. HOSP MAS+OTHE,506603
6,7,University of the Arts,329-35 S BROAD ST,SCHOOL 9STY MASONRY,13350
7,8,University of the Arts,320 S BROAD ST,SCHOOL 2STY MAS.+OTHER,38640
8,9,University of the Arts,311 S JUNIPER ST,APTS 51-100UNTS MASONRY,16648
9,10,University of the Arts,1224-34 SPRUCE ST,APTS DORMITORY MASONRY,13567
10,11,University of the Arts,1500-02 PINE ST,APTS DORMITORY MASONRY,5193
11,12,University of the Arts,250 S BROAD ST,SCHOOL 7STY MASONRY,19294
12,13,University of the Arts,601 S BROAD ST,AMUSEMENT HALL MASONRY,4920
13,14,University of the Arts,401-11 S BROAD ST,SCHOOL 4STY MASONRY,21150
14,15,La Salle University,5632 N UBER ST,ROW B/GAR 2STY MASONRY,1383
15,16,La Salle University,5655 E WISTER ST,ROW 2 STY MASONRY,1134
16,17,La Salle University,5661 E WISTER ST,ROW 2 STY MASONRY,1134
17,18,La Salle University,2118 W CHEW AVE,VAC LAND RES < ACRE,2489
18,19,La Salle University,2134 ELKINS AVE,ROW 2 STY MASONRY,1120
19,20,La Salle University,5665 E WISTER ST,ROW B/OFF-STR 2STY MASONR,1293
20,21,La Salle University,2132 ELKINS AVE,ROW 2 STY MASONRY,1120
21,22,La Salle University,5651 E WISTER ST,ROW 2 STY MASONRY,1299
22,23,La Salle University,1919 W OLNEY AVE,S/D W B/G 2S MASONRY,2958
23,24,La Salle University,7722 FAYETTE ST,ROW B/GAR 2STY MASONRY,1424
24,25,La Salle University,5623 N 20TH ST,ROW B/GAR 2STY MASONRY,1280
25,26,La Salle University,2145 ELKINS AVE,ROW B/OFF-STR 2STY MASONR,1451
26,27,La Salle University,2122 W CHEW AVE,VAC LAND RES < ACRE,2371
27,28,La Salle University,2126 W CHEW AVE,VAC LAND RES < ACRE,1856
28,29,La Salle University,5350 OGONTZ AVE,MISC.MIL.INSTAL.MASONRY,107936
29,30,La Salle University,1701 LINDLEY AVE,SCHOOL 3STY MASONRY,1770452
30,31,La Salle University,2160 W OLNEY AVE,DET OFF/STORE 2 STY MASON,2258
31,32,La Salle University,2112 W CHEW AVE,SEMI DET 2 STY MASONRY,3361
32,33,La Salle University,2116 W CHEW AVE,VAC LAND RES < ACRE,3193
33,34,La Salle University,5625 E WISTER ST,VAC LAND COMM. < ACRE,20912
34,35,La Salle University,5601 E WISTER ST,VAC LAND COMM. < ACRE,26779
35,36,La Salle University,2124 W CHEW AVE,VAC LAND RES < ACRE,2116
36,37,La Salle University,545 E WISTER ST,VAC LAND RES < ACRE,11902
37,38,La Salle University,549 E WISTER ST,VAC LAND RES < ACRE,11382
38,39,La Salle University,2135 W CHEW AVE,IND.WHSE MASONRY,16601
39,40,La Salle University,5737-39 E WISTER ST,VAC LAND COMM. < ACRE,11243
40,41,La Salle University,723 E WISTER ST,DET 3 STY STONE,6084
41,42,La Salle University,738 E PENN ST,HSE WORSHIP ALL2STY MASON,22989
42,43,La Salle University,5390 CHEW AVE,S/D CONV.APT 2.5 S STONE,1524
43,44,La Salle University,700 CHURCH LN,VAC LAND COMM. < ACRE,184584
44,45,La Salle University,5384 CHEW AVE,SEMI/DET 2.5   STY STONE,2077
45,46,La Salle University,5388 CHEW AVE,SEMI/DET 2.5   STY STONE,2086
46,47,La Salle University,5386 CHEW AVE,OFF/BLD N/PKG N/COM MASON,2077
47,48,La Salle University,5314 CHEW AVE,SEMI/DET 2.5   STY STONE,1868
48,49,La Salle University,625-35 E WISTER ST,HEALTH FAC. HOSP MAS+OTHE,1063743
49,50,Temple University Medical,1306 W ONTARIO ST,ROW 2 STY MASONRY,1395
50,51,Temple University,1801-33 N 12TH ST,OFF.BLDG.W-GAR.MAS.+OTHER,109296
51,52,Temple University,1422 W NORRIS ST,VAC LAND RES < ACRE,1589
52,53,Temple University,1424 W NORRIS ST,ROW 3 STY MASONRY,1452
53,54,Temple University Medical,3325-37 N BROAD ST,SCHOOL 3STY MASONRY,32000
54,55,Temple University,1723-29 N BROAD ST,SCHOOL 6STY MASONRY,77295
55,56,Temple University,1434 DIAMOND ST,VAC LAND RES < ACRE,1822
56,57,Temple University Medical,3340 N SYDENHAM ST,ROW 2 STY MASONRY,882
57,58,Temple University Medical,3414 OLD YORK RD,VAC LAND RES < ACRE,1064
58,59,Temple University Medical,1402-10 W TIOGA ST,SCHOOL 3STY MASONRY,7128
59,60,Temple University,1825-51 N 10TH ST,APTS DORMITORY MASONRY,52473
60,61,Temple University,1200-50 CECIL B MOORE AVE,APTS 100 +  UNITS MASONRY,133487
61,62,Temple University Medical,3409-11 GERMANTOWN AVE,VAC LAND COMM. < ACRE,4627
62,63,Temple University,1522 N BROAD ST,VAC LAND COMM. < ACRE,4400
63,64,Temple University Medical,3437 N 15TH ST,SCHOOL 3STY MASONRY,11366
64,65,Temple University,1801-59 N 11TH ST,VAC LAND RES < ACRE,39000
65,66,Temple University Medical,3519-33 N BROAD ST,HEALTH FAC.HOSP MASONRY,40299
66,67,Temple University,9331-39 OLD BUSTLETON AVE,HEALTH FAC.MED.CENT MASON,40293
67,68,Temple University,1926 N BROAD ST,ROW 3 STY MASONRY,2100
68,69,Temple University,1922 N BROAD ST,ROW 3 STY MASONRY,2582
69,70,Temple University,1301-37 N BROAD ST,SCHOOL 3STY MASONRY,220704
70,71,Temple University,1420 W NORRIS ST,VAC LAND RES < ACRE,1392
71,72,Temple University Medical,3402 OLD YORK RD,VAC LAND RES < ACRE,1120
72,73,Temple University,1701-19 N 10TH ST,APTS DORMITORY MASONRY,69583
73,74,Temple University Medical,1312 W ONTARIO ST,ROW 2 STY MASONRY,1395
74,75,Temple University,1941-53 N BROAD ST,APTS DORMITORY MASONRY,37630
75,76,Temple University,1520 N BROAD ST,VAC LAND COMM. < ACRE,4400
76,77,Temple University,2002 N BROAD ST,AMUSE FRATERNITIES MASONR,5000
77,78,Temple University Medical,3426 OLD YORK RD,VAC LAND RES < ACRE,1636
78,79,Temple University,1901-39 N BROAD ST,SCHOOL 5STY MASONRY,63752
79,80,Temple University,1901R-39 N BROAD ST,ROW W-OFF/STR 4STY MASONR,38486
80,81,Temple University,2030-32 N BROAD ST,APTS DORMITORY MASONRY,3960
81,82,Temple University Medical,3342 N 13TH ST,ROW CONV/APT 3STY MASONRY,1804
82,83,Temple University Medical,1228 W TIOGA ST,VAC LAND RES < ACRE,1408
83,84,Temple University Medical,3404 OLD YORK RD,VAC LAND RES < ACRE,1113
84,85,Temple University Medical,3422 OLD YORK RD,VAC LAND RES < ACRE,1150
85,86,Temple University,1417 DIAMOND ST,VAC LAND COMM. < ACRE,2640
86,87,Temple University,1930 N BROAD ST,ROW 3 STY MASONRY,2012
87,88,Temple University,1940 N BROAD ST,APTS DORMITORY MASONRY,2012
88,89,Temple University,1936-38 N BROAD ST,ROW 3 STY MASONRY,4025
89,90,Temple University,1603-45 N BROAD ST,APTS DORMITORY MASONRY,63748
90,91,Temple University Medical,3334-56 N PARK AVE,APTS 100 +  UNITS MASONRY,16200
91,92,Temple University,1713-55 N 13TH ST,SCHOOL 2STY MASONRY,95780
92,93,Temple University Medical,3421 N CARLISLE ST,ROW W/DET GAR 2STY MASONR,1200
93,94,Temple University Medical,3418 N BROAD ST,SCHOOL 3STY MASONRY,19413
94,95,Temple University Medical,3401-41 N BROAD ST,HEALTH FAC. HOSP MAS+OTHE,293867
95,96,Temple University Medical,3419 GERMANTOWN AVE,STR/OFF+APTS 3STY MASONRY,1237
96,97,Temple University,1700-22 N BROAD ST,SCHOOL 4STY MASONRY,31559
97,98,Temple University,1428 W NORRIS ST,ROW 3 STY MASONRY,935
98,99,Temple University Medical,3343 N PARK AVE,ROW CONV/APT 3STY MASONRY,1360
99,100,Temple University Medical,3509-11 N 13TH ST,SCHOOL 4STY MASONRY,5550
100,101,Temple University,1421 DIAMOND ST,VAC LAND COMM. < ACRE,2503
101,102,Temple University Medical,3420-30 N BROAD ST,SCHOOL 9STY MASONRY,21194
102,103,Temple University Medical,1310 W ONTARIO ST,ROW 2 STY MASONRY,1395
103,104,Temple University,2020 N BROAD ST,APTS DORMITORY MASONRY,2986
104,105,Temple University Medical,3337 N PARK AVE,APTS  5-50 UNTS MASONRY,1350
105,106,Temple University,1930R-36 N BROAD ST,AMUSE REC-COMPLEX MAS+OTH,2603
106,107,Temple University Medical,3339 N PARK AVE,ROW CONV/APT 3STY MASONRY,1350
107,108,Temple University,1426 W NORRIS ST,ROW 3 STY MASONRY,1312
108,109,Temple University Medical,3415-17 GERMANTOWN AVE,VAC LAND COMM. < ACRE,7252
109,110,Temple University,1928 N BROAD ST,ROW 3 STY MASONRY,1905
110,111,Temple University Medical,3301-59 N 15TH ST,GAR.NO COMM.AREA MASONRY,100000
111,112,Temple University Medical,3347 N PARK AVE,ROW CONV/APT 3STY MASONRY,1420
112,113,Temple University Medical,2317 E WESTMORELAND ST,STR/OFF 2 STY MASONRY,700
113,114,Temple University,1414R-26 W NORRIS ST,APT 2-4  UNTS 2STY MASONR,3606
114,115,Temple University,1414 W NORRIS ST,VAC LAND RES < ACRE,1392
115,116,Temple University,2001-47 N BROAD ST,APT DORMITORY MAS.+OTHER,132206
116,117,Temple University Medical,1329 RISING SUN AVE,ROW CONV/APT 3STY MASONRY,1750
117,118,Temple University,2029 N CARLISLE ST,ROW W BAS.GAR 3STY MASONR,1090
118,119,Temple University Medical,3500-02 GERMANTOWN AVE,VAC LAND COMM. < ACRE,970
119,120,Temple University Medical,3400-26 N CARLISLE ST,PARKING LOT PRIVATE,41971
120,121,Temple University,1701-23 N 15TH ST,AMUS REC COMPLEX MASONRY,30050
121,122,Temple University,1418 W NORRIS ST,VAC LAND RES < ACRE,1392
122,123,Temple University,2001-47 N 12TH ST,PARKING LOT PRIVATE,86500
123,124,Temple University Medical,3324 N PARK AVE,APTS  5-50 UNTS MASONRY,1345
124,125,Temple University Medical,3341 N PARK AVE,ROW CONV/APT 3STY MASONRY,1436
125,126,Temple University Medical,3408 OLD YORK RD,VAC LAND RES < ACRE,1023
126,127,Temple University Medical,1301-03 RISING SUN AVE,ROW CONV/APT 3STY MASONRY,2644
127,128,Temple University,1419 DIAMOND ST,VAC LAND COMM. < ACRE,2229
128,129,Temple University,1710-50 N 15TH ST,OFF/BLD N/COMM W-PKG MASO,90693
129,130,Temple University,2024-28 N BROAD ST,APTS DORMITORY MASONRY,5940
130,131,Temple University,1531 W MONTGOMERY AVE,VAC LAND RES < ACRE,1112
131,132,Temple University,1527 W MONTGOMERY AVE,VAC LAND RES < ACRE,1112
132,133,Temple University Medical,3441 GERMANTOWN AVE,STR/OFF+APTS 3STY MASONRY,1388
133,134,Temple University,1924 N BROAD ST,ROW 3 STY MASONRY,2200
134,135,Temple University,1934 N BROAD ST,ROW 3 STY MASONRY,2012
135,136,Temple University Medical,3327 N PARK AVE,ROW 3 STY MASONRY,1445
136,137,Temple University,1500-14 N 15TH ST,APTS 51-100UNTS MASONRY,27307
137,138,Temple University,1524 N BROAD ST,VAC LAND COMM. < ACRE,4200
138,139,Temple University,1301-35 W GIRARD AVE,AMUSEMENT CITY PARK,92289
139,140,Temple University Medical,3262 N PARK AVE,VAC LAND RES < ACRE,1584
140,141,Temple University Medical,3312 N PARK AVE,ROW W BAS.GAR 3STY MASONR,1392
141,142,Temple University Medical,3316 N PARK AVE,ROW CONV/APT 3STY MASONRY,1441
142,143,Temple University,1430-32 W NORRIS ST,STORE 2 STY MASONRY,1279
143,144,Temple University Medical,1235-37 W ATLANTIC ST,IND.WHSE MASONRY,1160
144,145,Temple University,2025 N CARLISLE ST,ROW 3 STY MASONRY,1142
145,146,Temple University Medical,3423 N CARLISLE ST,OFF/BLDG COMM NO GAR MASO,1279
146,147,Temple University Medical,3349 N PARK AVE,ROW CONV/APT 3STY MASONRY,1350
147,148,Temple University,1721-33 N 10TH ST,APTS DORMITORY MASONRY,22155
148,149,Temple University Medical,3424 OLD YORK RD,VAC LAND RES < ACRE,1459
149,150,Temple University Medical,3254-56 N PARK AVE,PARKING LOT PRIVATE,3019
150,151,Temple University Medical,3525-29 GERMANTOWN AVE,OFF/BLD N/PKG N/COM MASON,3859
151,152,Temple University Medical,3323 N PARK AVE,APTS  5-50 UNTS MASONRY,1617
152,153,Temple University,1801-35 N BROAD ST,SCHOOL 7STY MAS+OTHER,250396
153,154,Temple University,1529 W MONTGOMERY AVE,VAC LAND RES < ACRE,1112
154,155,Temple University Medical,3420 OLD YORK RD,VAC LAND RES < ACRE,1120
155,156,Temple University Medical,3443 GERMANTOWN AVE,STR/OFF+APTS 3STY MASONRY,1464
156,157,Temple University,1802 N WARNOCK ST,PARKING LOT COMMERCIAL,35000
157,158,Temple University,1000-26 W BERKS ST,MISC POW/HSE SUB-STA MAS+,20960
158,159,Temple University,1944 N BROAD ST,VAC LAND RES < ACRE,2012
159,160,Temple University,2101-67 N 11TH ST,AMUSE STAD ETC MASONRY,159897
160,161,Temple University Medical,3416 OLD YORK RD,VAC LAND RES < ACRE,1074
161,162,Temple University Medical,3314 N PARK AVE,ROW W BAS.GAR 3STY MASONR,1334
162,163,Temple University,2108-10 N BROAD ST,APTS DORMITORY MASONRY,5175
163,164,Temple University Medical,3211-39 N BROAD ST,SCHOOL 4STY MASONRY,83215
164,165,Temple University,1300-22 CECIL B MOORE AVE,APTS 100 +  UNITS MASONRY,105308
165,166,Temple University,2004 N BROAD ST,APTS  5-50 UNTS MASONRY,3600
166,167,Temple University,1837-55 N BROAD ST,HSE WORSHIP ALL3STY MASON,16491
167,168,Temple University Medical,2319 E WESTMORELAND ST,STR/OFF 2 STY MASONRY,700
168,169,Temple University Medical,1420 W TIOGA ST,VAC LAND RES < ACRE,2002
169,170,Temple University,1526 N BROAD ST,VAC LAND COMM. < ACRE,4000
170,171,Temple University Medical,3410 OLD YORK RD,VAC LAND RES < ACRE,1206
171,172,Temple University,1420 DIAMOND ST,VAC LAND RES < ACRE,1360
172,173,Temple University Medical,3500 N BROAD ST,SCHOOL 10-14STY MASONRY,89190
173,174,Temple University,1525 W MONTGOMERY AVE,VAC LAND RES < ACRE,1112
174,175,Temple University,1647 N BROAD ST,APTS DORMITORY MASONRY,6485
175,176,Temple University Medical,3345 N PARK AVE,ROW CONV/APT 3STY MASONRY,1345
176,177,Temple University Medical,3406 OLD YORK RD,VAC LAND RES < ACRE,1113
177,178,Temple University,1228-52 N 13TH ST,AMUS REC COMPLEX MASONRY,107188
178,179,Temple University,1518 N BROAD ST,VAC LAND COMM. < ACRE,5000
179,180,Temple University Medical,1302 W ONTARIO ST,VAC LAND RES < ACRE,1395
180,181,Temple University,1801-23 N 10TH ST,APTS DORMITORY MASONRY,37624
181,182,Temple University,1416 DIAMOND ST,ROW CONV/APT 3STY MASONRY,1309
182,183,Temple University Medical,2315 E WESTMORELAND ST,STR/OFF 2 STY MASONRY,700
183,184,Temple University Medical,3428 N CARLISLE ST,IND.WHSE MASONRY,1892
184,185,Temple University Medical,3300-16 N BROAD ST,PARKING LOT PRIVATE,43400
185,186,Temple University Medical,3412 OLD YORK RD,VAC LAND RES < ACRE,1146
186,187,Temple University Medical,1308 W ONTARIO ST,ROW 2 STY MASONRY,1395
187,188,Temple University,1441 W NORRIS ST,SCHOOL 3STY MASONRY,3570
188,189,Temple University,2006 N BROAD ST,VAC LAND RES < ACRE,1611
189,190,Temple University Medical,3400 OLD YORK RD,VAC LAND RES < ACRE,1120
190,191,Temple University Medical,3501-17 N BROAD ST,GAR.NO COMM.AREA MASONRY,44197
191,192,Temple University,1533 W MONTGOMERY AVE,VAC LAND RES < ACRE,1112
192,193,Temple University,1942 N BROAD ST,VAC LAND RES < ACRE,2012
193,194,Temple University,1932 N BROAD ST,ROW 3 STY MASONRY,2012
194,195,Temple University Medical,1418 W TIOGA ST,VAC LAND RES < ACRE,2002
195,196,Temple University Medical,1314 W ONTARIO ST,ROW 2 STY MASONRY,1395
196,197,Temple University Medical,1230 W TIOGA ST,VAC LAND RES < ACRE,1408
197,198,Temple University,2100 N BROAD ST,VAC LAND COMM. < ACRE,8415
198,199,Temple University Medical,3335 N PARK AVE,ROW CONV/APT 3STY MASONRY,1350
199,200,Temple University,1724-76 N BROAD ST,AMUSE STAD ETC MASONRY,141098
200,201,Temple University,1436 DIAMOND ST,VAC LAND RES < ACRE,1544
201,202,Temple University,1830 N BROAD ST,SCHOOL 2STY MASONRY,231120
202,203,Temple University,1950 N BROAD ST,VAC LAND RES < ACRE,2012
203,204,Temple University,1416 W NORRIS ST,VAC LAND RES < ACRE,1392
204,205,Temple University Medical,3340 N 13TH ST,ROW 2 STY MASONRY,4390
205,206,Temple University Medical,3413 GERMANTOWN AVE,VAC LAND COMM. < ACRE,2660
206,207,Temple University,1715 N BROAD ST,SCHOOL 2STY MASONRY,40949
207,208,Temple University,1500-10 N BROAD ST,OFF/BLD N/PK N/COM MAS.+O,30000
208,209,Temple University,2014 N BROAD ST,OFF/BLD N/PKG N/COM MASON,2943
209,210,Temple University Medical,3329 N PARK AVE,ROW CONV/APT 3STY MASONRY,1341
210,211,Temple University,1952 N BROAD ST,VAC LAND RES < ACRE,2185
211,212,Temple University,2016-18 N BROAD ST,APTS DORMITORY MASONRY,5935
212,213,Temple University Medical,1409-17 W ONTARIO ST,OFF/BLD N/PKG N/COM MASON,12553
213,214,Temple University Medical,3418 OLD YORK RD,VAC LAND RES < ACRE,1078
214,215,Temple University Medical,3439 GERMANTOWN AVE,STR/OFF+APTS 3STY MASONRY,1295
215,216,Temple University,1816 N 15TH ST,AMUS REC COMPLEX MASONRY,370721
216,217,Temple University,1601 N BROAD ST,APTS DORMITORY MASONRY,37771
217,218,Community College of Philadelphia,1751 CALLOWHILL ST,SCHOOL 3STY MASONRY,41179
218,219,Community College of Philadelphia,4731-43 LUDLOW ST,SCHOOL 1STY MASONRY,28608
219,220,Community College of Philadelphia,440 N 15TH ST,OFF/BLD N/COMM W-PKG MASO,73536
220,221,Community College of Philadelphia,1600 SPRING GARDEN ST,SCHOOL 5STY MAS+OTHER,377896
221,222,Community College of Philadelphia,4725-31 CHESTNUT ST,SCHOOL 1STY MASONRY,23540
222,223,Community College of Philadelphia,14001 MC NULTY RD,PARKING LOT PRIVATE,310583
223,224,Community College of Philadelphia,12901 TOWNSEND RD,SCHOOL 3STY MAS.+OTHER,200730
224,225,Community College of Philadelphia,1700 SPRING GARDEN ST,SCHOOL 5STY MAS+OTHER,270278
225,226,Community College of Philadelphia,1210-16 W GODFREY AVE,SCHOOL 3STY MASONRY,227885
226,227,Strayer University,3 BEN FRANKLIN PKWY,OFF/BLDG COMM NO GAR MASO,43040
227,228,JNA School of Culinary Arts,1212-14 S BROAD ST,SCHOOL 2STY MASONRY,8681
228,229,Hussian College School of Art,111 S INDEPENDENCE E MALL,OFF/BLD N/PKG N/COM MASON,47764
229,230,Peirce College,1420-34 PINE ST,SCHOOL 7STY MASONRY,19932
230,231,Holy Family University,9878 FRANKFORD AVE,APT 2-4  UNTS 2STY MASONR,4348
231,232,Holy Family University,9798 FRANKFORD AVE,DET 2 STY STONE,25062
232,233,Holy Family University,3998 STEVENSON ST,APT 2-4  UNTS 2STY MASONR,8665
233,234,Holy Family University,9880 FRANKFORD AVE,APT 2-4  UNTS 2STY MASONR,4128
234,235,Holy Family University,9884 FRANKFORD AVE,APT 2-4  UNTS 2STY MASONR,3785
235,236,Holy Family University,9896 FRANKFORD AVE,APT 2-4  UNTS 2STY MASONR,5606
236,237,Holy Family University,4500 GRANT AVE,SCHOOL 3STY MAS.+OTHER,64186
237,238,Holy Family University,4803-09 GRANT AVE,APT DORMITORY MAS.+OTHER,32069
238,239,Holy Family University,4800 STEVENSON ST,VAC LAND RES < ACRE,67940
239,240,Holy Family University,9801 FRANKFORD AVE,SCHOOL 2STY MASONRY,842073
240,241,Art Institute of Philadelphia,1618-22 CHESTNUT ST,HEALTH FAC.MED.CENT.MAS.+,8700
241,242,Moore College of Art and Design,2039 CHERRY ST,APTS DORMITORY MASONRY,5868
242,243,Moore College of Art and Design,1920-34 RACE ST,SCHOOL 7STY MASONRY,37527
243,244,Moore College of Art and Design,1916 RACE ST,SCHOOL 4STY MASONRY,19180
244,245,Curtis Institute of Music,233-35 S 18TH ST,SCHOOL 3STY MASONRY,9900
245,246,Curtis Institute of Music,1610-18 LOCUST ST,APTS DORMITORY MASONRY,14820
246,247,Curtis Institute of Music,1620 LOCUST ST,OFF/BLDG COMM NO GAR MASO,3640
247,248,Chestnut Hill College,9220-50 GERMANTOWN AVE,SCHOOL 2STY MAS.+OTHER,1312829
248,249,The Restaurant School at Walnut Hill College,4205-07 WALNUT ST,SCHOOL 3STY MASONRY,37868
249,250,Philadelphia University,3592 GYPSY LN,VAC LAND RES < ACRE,13384
250,251,Philadelphia University,3590 GYPSY LN,VAC LAND RES < ACRE,8191
251,252,Philadelphia University,3950 VAUX ST,DET 2 STY MASONRY,24502
252,253,Philadelphia University,3300 W SCHOOL HOUSE LN,SCHOOL 2STY MASONRY,297285
253,254,Philadelphia College of Osteopathic Medicine,2100-22 W CAMBRIA ST,OFF/BLDG COMM NO GAR MASO,46435
254,255,Philadelphia College of Osteopathic Medicine,5830 HENRY AVE,OFF/BLD N/PKG N/COM MASON,10500
255,256,Philadelphia College of Osteopathic Medicine,4182-90 CITY AVE,HEALTH FAC.MED.CENT.MAS.+,88134
256,257,Philadelphia College of Osteopathic Medicine,4152-80 CITY AVE,HEALTH FAC.MED.CENT.MAS.+,272485
257,258,Philadelphia College of Osteopathic Medicine,4130-50 CITY AVE,VAC LAND INDUS. ACRE+,108327
258,259,Philadelphia College of Osteopathic Medicine,4100 MONUMENT RD,VAC LAND COMM. < ACRE,384748
259,260,Philadelphia College of Osteopathic Medicine,4148 LANCASTER AVE,HEALTH FAC.CLINIC MAS+OTH,17256
260,261,Thomas Jefferson University,900-10 WALNUT ST,HEALTH FAC.HOSP MASONRY,51123
261,262,Thomas Jefferson University,915-29 SANSOM ST,PARKING LOT COMMERCIAL,15162
262,263,Thomas Jefferson University,951 LOCUST ST,MISC RESEARCH MASONRY,54730
263,264,Thomas Jefferson University,1000-32 CHESTNUT ST,HEALTH FAC.HOSP MASONRY,91080
264,265,Thomas Jefferson University,1100-04 WALNUT ST,HEALTH FAC.MED.CENT.MAS.+,11827
265,266,Thomas Jefferson University,2301 S BROAD ST,HEALTH FAC.HOSP MASONRY,206556
266,267,Thomas Jefferson University,905-11 WALNUT ST,HEALTH FAC.CLINIC MAS+OTH,12000
267,268,Thomas Jefferson University,115-19 S 10TH ST,PARKING LOT COMMERCIAL,7494
268,269,Thomas Jefferson University,109-13 S 10TH ST,PARKING LOT COMMERCIAL,4761
269,270,Thomas Jefferson University,912-28 WALNUT ST,APTS DORMITORY MASONRY,33420
270,271,Thomas Jefferson University,131 S 10TH ST,STR/OFF+APT 4STY MASONRY,931
271,272,Thomas Jefferson University,129 S 10TH ST,STR/OFF+APTS 3.5S MASONRY,960
272,273,Thomas Jefferson University,122-30 S 9TH ST,HEALTH FAC.MED.LAB MASONR,10337
273,274,Thomas Jefferson University,901-03 WALNUT ST,OFF/BLD N/PKG N/COM MASON,5760
274,275,Thomas Jefferson University,917-33 CHESTNUT ST,OFF/BLD N/PKG N/COM MASON,47364
275,276,Thomas Jefferson University,127 S 10TH ST,REST'RNT W/O BAR MASONRY,1299
276,277,Thomas Jefferson University,1008-34 LOCUST ST,HEALTH FAC.MED.CENT MASON,74151
277,278,Thomas Jefferson University,927 WALNUT ST,REST'RNT W/BAR MASONRY,1226
278,279,Thomas Jefferson University,919-21 WALNUT ST,OFF/BLD N/COMM W-PKG MASO,14030
279,280,Thomas Jefferson University,214 S 11TH ST,OFF/BLD N/PKG N/COM MASON,2460
280,281,Thomas Jefferson University,1001 LOCUST ST,SCHOOL 6STY MASONRY,63360
281,282,Thomas Jefferson University,900 CHESTNUT ST,PARKING LOT COMMERCIAL,28750
282,283,Thomas Jefferson University,1108 CHESTNUT ST,STR/OFF 5 STY MASONRY,4984
283,284,Thomas Jefferson University,1110 CHESTNUT ST,STORE 2 STY MASONRY,6870
284,285,Lutheran Theological Seminary,7314 GERMANTOWN AVE,DET W/D.GAR 2.5 STY STONE,4802
285,286,Lutheran Theological Seminary,7238 BOYER ST,DET 2.5 STY STONE,19200
286,287,Lutheran Theological Seminary,42 E GOWEN AVE,S/D CONV.APT 2.5STY MASON,13682
287,288,Lutheran Theological Seminary,7300-18 BOYER ST,DET CONV.APT 2.5STY STONE,86523
288,289,Lutheran Theological Seminary,143 E MOUNT AIRY AVE,DET W/D.GAR 2.5 STY MASON,17958
289,290,Lutheran Theological Seminary,20-22 E GOWEN AVE,APTS  5-50 UNTS MASONRY,17262
290,291,Lutheran Theological Seminary,30 E GOWEN AVE,APTS  5-50 UNTS MASONRY,47547
291,292,Lutheran Theological Seminary,46 E GOWEN AVE,S/D CONV.APT 2.5STY MASON,9841
292,293,Lutheran Theological Seminary,7241 GERMANTOWN AVE,SCHOOL 4STY MASONRY,365691
293,294,Lutheran Theological Seminary,7204-06 BOYER ST,DET W/D.GAR 2.5 STY MASON,41815
294,295,Lutheran Theological Seminary,135 E MOUNT AIRY AVE,SEMI/DET 2.5   STY STONE,6075
295,296,Pennsylvania Academy of Fine Arts,130-40 N BROAD ST,SCHOOL 10-14STY MASONRY,24660
296,297,Pennsylvania Academy of Fine Arts,118-26 N BROAD ST,MISC.MUSEUM MASONRY,26260
297,298,University of the Sciences in Philadelphia,1258 S 45TH ST,VAC LAND RES < ACRE,1790
298,299,University of the Sciences in Philadelphia,508-14 S 42ND ST,APT DORMITORY MAS.+OTHER,26242
299,300,University of the Sciences in Philadelphia,4238-40 CHESTER AVE,VAC LAND RES < ACRE,12530
300,301,University of the Sciences in Philadelphia,4147 WOODLAND AVE,SCHOOL 2STY MASONRY,1679
301,302,University of the Sciences in Philadelphia,4201-47 WOODLAND AVE,SCHOOL 4STY MAS+OTHER,163289
302,303,University of the Sciences in Philadelphia,4200-08 WOODLAND AVE,MISC.LIBRARY MASONRY,15840
303,304,Philadelphia University,4140-48 WOODLAND AVE,IND.WHSE MASONRY,68998
304,305,University of the Sciences in Philadelphia,760 S 42ND ST,APTS DORMITORY MASONRY,39507
305,306,University of the Sciences in Philadelphia,714-34 S 42ND ST,SCHOOL 4STY MAS+OTHER,27880
306,307,University of the Sciences in Philadelphia,4514-22 WOODLAND AVE,SCHOOL 3STY MASONRY,44813
307,308,University of the Sciences in Philadelphia,4500-12 WOODLAND AVE,SCHOOL 2STY MASONRY,29491
308,309,University of the Sciences in Philadelphia,4212-16 WOODLAND AVE,AMUS REC COMPLEX MASONRY,54530
309,310,University of the Sciences in Philadelphia,4306-24 WOODLAND AVE,IND.SHOP MAS.+OTHER,369467
310,311,University of the Sciences in Philadelphia,4212R-16 WOODLAND AVE,IND.SHOP MAS.+OTHER,158802
311,312,University of Pennsylvania,407 S 40TH ST,APTS  5-50 UNTS MASONRY,1757
312,313,University of Pennsylvania,127-29 SPRUCE ST,MISC.MUSEUM MASONRY,885
313,314,University of Pennsylvania,4000 CHESTNUT ST,STR/OFF+APTS 3STY MASONRY,2500
314,315,University of Pennsylvania,212 S 42ND ST,APTS  5-50 UNTS MASONRY,2875
315,316,University of Pennsylvania,3926 SPRUCE ST,SEMI/DET 3.5   STY MASONR,3668
316,317,University of Pennsylvania,309-11 S 40TH ST,APTS  5-50 UNTS MASONRY,5108
317,318,University of Pennsylvania,511-17 S 20TH ST,PARKING LOT PRIVATE,7005
318,319,University of Pennsylvania,108-16 S 38TH ST,PARKING LOT COMMERCIAL,6243
319,320,University of Pennsylvania,3400-50 CHESTNUT ST,APTS DORMITORY MASONRY,156511
320,321,University of Pennsylvania,3725-45 WALNUT ST,GAR.W-COMM. MASON + OTHER,54216
321,322,University of Pennsylvania,3908-10 SPRUCE ST,AMUSE FRATERNITIES MASONR,10218
322,323,University of Pennsylvania,4431 SPRUCE ST,APTS  5-50 UNTS MASONRY,5775
323,324,University of Pennsylvania,3946 PINE ST,ROW CONV/APT 3STY MASONRY,1200
324,325,University of Pennsylvania,4000 LOCUST ST,SCHOOL 6STY MAS+OTHER,115172
325,326,University of Pennsylvania,3900-46 WALNUT ST,APTS 100 +  UNITS MASONRY,232238
326,327,University of Pennsylvania,3914 SANSOM ST,HOTEL/RM.HSE 3STY MASONRY,1464
327,328,University of Pennsylvania,124 S 39TH ST,HOTEL/RM.HSE 3STY MASONRY,2320
328,329,University of Pennsylvania,128 S 39TH ST,HOTEL/RM.HSE 3STY MASONRY,2320
329,330,University of Pennsylvania,601 UNIVERSITY AVE,AMUS PLAYGROUND MASONRY,399301
330,331,University of Pennsylvania,4015 WALNUT ST,IND WHSE MAS.+OTHER,13200
331,332,University of Pennsylvania,3824 SPRUCE ST,PARKING LOT PRIVATE,6500
332,333,University of Pennsylvania,3915 PINE ST,APTS  5-50 UNTS MASONRY,1620
333,334,University of Pennsylvania,4033 BALTIMORE AVE,APTS  5-50 UNTS MASONRY,2875
334,335,University of Pennsylvania,16 N 42ND ST,VAC LAND RES < ACRE,1104
335,336,University of Pennsylvania,3960 PINE ST,APTS  5-50 UNTS MASONRY,1404
336,337,University of Pennsylvania,3935 PINE ST,APTS  5-50 UNTS MASONRY,1620
337,338,University of Pennsylvania,3918 PINE ST,ROW CONV/APT 3STY MASONRY,1041
338,339,University of Pennsylvania,4002 PINE ST,APTS DORMITORY MASONRY,8424
339,340,University of Pennsylvania,4104 WALNUT ST,OFF/BLDG COMM NO GAR MASO,7889
340,341,University of Pennsylvania,519-25 S 20TH ST,PARKING LOT PRIVATE,5160
341,342,University of Pennsylvania,4010-16 CHESTNUT ST,PARKING LOT PRIVATE,16500
342,343,University of Pennsylvania,307 S 39TH ST,AMUSE FRAT.MAS.+OTHER,6162
343,344,University of Pennsylvania,3940 PINE ST,ROW CONV/APT 3STY MASONRY,1120
344,345,University of Pennsylvania,3401-39 WALNUT ST,SCHOOL 5STY MAS+OTHER,59525
345,346,University of Pennsylvania,301 S 30TH ST,VAC LAND IND < ACRE,47570
346,347,University of Pennsylvania,3940 SPRUCE ST,APT.BOARDING HOME MASONRY,14268
347,348,University of Pennsylvania,3537 LOCUST WALK,MISC.ADMIN.BLDG MASONRY,2229
348,349,University of Pennsylvania,3700 CIVIC CENTER BLVD,GAR.NO COMM.AREA MASONRY,100067
349,350,University of Pennsylvania,20 S 39TH ST,APTS  5-50 UNTS MASONRY,4049
350,351,University of Pennsylvania,3907-15 SPRUCE ST,APTS DORMITORY MASONRY,99218
351,352,University of Pennsylvania,3800-50 WALNUT ST,SCHOOL 3STY MASONRY,70596
352,353,University of Pennsylvania,4007 CHESTNUT ST,ROW 3 STY MASONRY,2862
353,354,University of Pennsylvania,4006R-14 LUDLOW ST,VAC LAND RES < ACRE,1780
354,355,University of Pennsylvania,3926 SANSOM ST,ROW CONV/APT 3STY MASONRY,1464
355,356,University of Pennsylvania,3501 CURIE BLVD,MISC.RESEARCH MAS.+OTHER,59052
356,357,University of Pennsylvania,3400 SPRUCE ST,HEALTH FAC.HOSP MASONRY,277216
357,358,University of Pennsylvania,3922 PINE ST,ROW CONV/APT 3STY MASONRY,880
358,359,University of Pennsylvania,3600 SPRUCE ST,APTS DORMITORY MASONRY,322952
359,360,University of Pennsylvania,3831-33 WALNUT ST,AMUSE FRATERNITIES MASONR,5856
360,361,University of Pennsylvania,3700R CHESTNUT ST,HSE WORSHIP ALL3STY MASON,3037
361,362,University of Pennsylvania,3200 WALNUT ST,AMUSE STAD.ETC.MAS+OTHER,113448
362,363,University of Pennsylvania,502 WOODLAND TER,APTS  5-50 UNTS MASONRY,3579
363,364,University of Pennsylvania,3913 PINE ST,APTS  5-50 UNTS MASONRY,1620
364,365,University of Pennsylvania,3817 WALNUT ST,AMUSE FRATERNITIES MASONR,11896
365,366,University of Pennsylvania,4026-32 CHESTNUT ST,OFF/BLD N/COMM W-PKG MASO,22000
366,367,University of Pennsylvania,115-23 S 40TH ST,VAC LAND RES < ACRE,10100
367,368,University of Pennsylvania,206 S 42ND ST,APTS  5-50 UNTS MASONRY,2875
368,369,University of Pennsylvania,305-07 S 40TH ST,APTS  5-50 UNTS MASONRY,5572
369,370,University of Pennsylvania,4008-26 WALNUT ST,AMUSEMENTS THEATRE MASONR,35275
370,371,University of Pennsylvania,4114 SPRUCE ST,APTS  5-50 UNTS MASONRY,3300
371,372,University of Pennsylvania,200-32 S 40TH ST,STORE 2 STY MASONRY,66164
372,373,University of Pennsylvania,3708-12 CHESTNUT ST,DET 3 STY MASONRY,17798
373,374,University of Pennsylvania,3800 SPRUCE ST,SCHOOL 4STY MASONRY,95294
374,375,University of Pennsylvania,3900 DELANCEY ST,SCHOOL 4STY MASONRY,52832
375,376,University of Pennsylvania,202-04 S 36TH ST,AMUSEMENT HALL MASONRY,4829
376,377,University of Pennsylvania,200A S 32ND ST,AIR RIGHTS COMMERCIAL,275105
377,378,University of Pennsylvania,3441-55 WALNUT ST,MISC.ADMIN.BLDG MASONRY,55240
378,379,University of Pennsylvania,2930 CHESTNUT ST,MISC. P.O. MASONRY,110400
379,380,University of Pennsylvania,3817-25 SPRUCE ST,APTS DORMITORY MASONRY,95027
380,381,University of Pennsylvania,3924 SANSOM ST,ROW CONV/APT 3STY MASONRY,1464
381,382,University of Pennsylvania,3933 WALNUT ST,SCHOOL 3STY MASONRY,3750
382,383,University of Pennsylvania,220-30 S 34TH ST,SCHOOL 5STY MAS+OTHER,34246
383,384,University of Pennsylvania,3500 PINE ST,SCHOOL 7STY MASONRY,31687
384,385,University of Pennsylvania,3921 PINE ST,APTS  5-50 UNTS MASONRY,1620
385,386,University of Pennsylvania,4028 WALNUT ST,AMUSE FRATERNITIES MASONR,16125
386,387,University of Pennsylvania,3550 PINE ST,SCHOOL 6STY MASONRY,28916
387,388,University of Pennsylvania,3906 SPRUCE ST,ROW W-OFF/STR 3STY MASONR,3653
388,389,University of Pennsylvania,4027 LOCUST ST,APTS  5-50 UNTS MASONRY,1977
389,390,University of Pennsylvania,3641 LOCUST WALK,OFF/BLDG COMM NO GAR MASO,5076
390,391,University of Pennsylvania,3600 LOCUST WALK,SCHOOL 4STY MASONRY,154639
391,392,University of Pennsylvania,3916-18 SPRUCE ST,AMUSE FRATERNITIES MASONR,5318
392,393,University of Pennsylvania,3923 PINE ST,APTS  5-50 UNTS MASONRY,1620
393,394,University of Pennsylvania,3918 DELANCEY ST,ROW 3 STY MASONRY,852
394,395,University of Pennsylvania,3938 DELANCEY ST,ROW 3 STY MASONRY,1120
395,396,University of Pennsylvania,3118-98 CHESTNUT ST,APTS 100 +  UNITS MASONRY,138078
396,397,University of Pennsylvania,3428 SANSOM ST,STR/OFF+APTS 3STY MASONRY,1184
397,398,University of Pennsylvania,3100 SOUTH ST,VAC LAND IND < ACRE,21234
398,399,University of Pennsylvania,600 S 32ND ST,VAC LAND INDUS. ACRE+,66012
399,400,University of Pennsylvania,3726-34 WALNUT ST,SCHOOL 10-14STY MASONRY,75406
400,401,University of Pennsylvania,3901-03 SPRUCE ST,APTS DORMITORY MASONRY,41948
401,402,University of Pennsylvania,3830R WALNUT ST,SCHOOL 3STY MASONRY,12129
402,403,University of Pennsylvania,143 S 31ST ST,VAC LAND COMM. ACRE+,20529
403,404,University of Pennsylvania,36 S 40TH ST,STORE 1 STY MASONRY,2220
404,405,University of Pennsylvania,3401 CHESTNUT ST,VAC LAND RES < ACRE,111858
405,406,University of Pennsylvania,220-60 S 33RD ST,MISC.RESEARCH MAS.+OTHER,124699
406,407,University of Pennsylvania,3813-15 WALNUT ST,SCHOOL 4STY MAS+OTHER,10179
407,408,University of Pennsylvania,3311-15 CHESTNUT ST,VAC LAND COMM. < ACRE,25900
408,409,University of Pennsylvania,516-22 S 20TH ST,PARKING LOT PRIVATE,5280
409,410,University of Pennsylvania,2016 SPRUCE ST,ROW 3 STY MASONRY,5386
410,411,University of Pennsylvania,3701-23 WALNUT ST,SCHOOL 2STY MAS.+OTHER,52290
411,412,University of Pennsylvania,3917 PINE ST,APTS  5-50 UNTS MASONRY,1620
412,413,University of Pennsylvania,1 CONVENTION AVE,HEALTH FAC.HOSP MASONRY,386828
413,414,University of Pennsylvania,1700 SOUTH ST,GAR.NO COMM.AREA MASONRY,38599
414,415,University of Pennsylvania,4056 CHESTNUT ST,VAC LAND COMM. < ACRE,3250
415,416,University of Pennsylvania,3928 SPRUCE ST,S/D CONV.APT 3.5STY MASON,3772
416,417,University of Pennsylvania,1832-44 SOUTH ST,HEALTH FAC.MED.CENT.MAS.+,16437
417,418,University of Pennsylvania,3939 PINE ST,APTS  5-50 UNTS MASONRY,1620
418,419,University of Pennsylvania,3914 PINE ST,ROW CONV/APT 3STY MASONRY,957
419,420,University of Pennsylvania,3925 PINE ST,APTS  5-50 UNTS MASONRY,1620
420,421,University of Pennsylvania,5001-11 LANCASTER AVE,IND.WHSE MASONRY,18277
421,422,University of Pennsylvania,3809 WALNUT ST,SCHOOL 4STY MASONRY,2932
422,423,University of Pennsylvania,4101-03 SPRUCE ST,APTS 51-100UNTS MASONRY,13321
423,424,University of Pennsylvania,501 OSLER CIR,MISC.RESEARCH MAS.+OTHER,42280
424,425,University of Pennsylvania,3100-16 CHESTNUT ST,AIR RIGHTS COMMERCIAL,114629
425,426,University of Pennsylvania,3201-59 WALNUT ST,SCHOOL 4STY MASONRY,138994
426,427,University of Pennsylvania,3600 CIVIC CENTER BLVD,HEALTH FAC.CLINIC MAS+OTH,152054
427,428,University of Pennsylvania,3400 CIVIC CENTER BLVD,HEALTH FAC. HOSP MAS+OTHE,212859
428,429,University of Pennsylvania,3529-31 LOCUST WALK,VAC LAND COMM. < ACRE,3800
429,430,University of Pennsylvania,4013 CHESTNUT ST,HOTEL/RM.HSE 3STY MASONRY,2862
430,431,University of Pennsylvania,3901-03 WALNUT ST,OFF/BLD N/PKG N/COM MASON,5000
431,432,University of Pennsylvania,126 S 39TH ST,APTS  5-50 UNTS MASONRY,2320
432,433,University of Pennsylvania,3600-90 WALNUT ST,SCHOOL 3STY MASONRY,181032
433,434,University of Pennsylvania,3406-46 WALNUT ST,SCHOOL 6STY MAS+OTHER,101652
434,435,University of Pennsylvania,3300 CHESTNUT ST,APTS DORMITORY MASONRY,250613
435,436,University of Pennsylvania,3401 CURIE BLVD,SCHOOL 4STY MAS+OTHER,39530
436,437,University of Pennsylvania,4010-12 SANSOM ST,PARKING LOT PRIVATE,2570
437,438,University of Pennsylvania,4625 SPRUCE ST,S/D CONV.APT 4STY MASONRY,3126
438,439,University of Pennsylvania,3942 PINE ST,ROW CONV/APT 3STY MASONRY,1077
439,440,University of Pennsylvania,3829 WALNUT ST,AMUSE FRATERNITIES MASONR,2900
440,441,University of Pennsylvania,3533-35 LOCUST WALK,MISC.ADMIN.BLDG MASONRY,3870
441,442,University of Pennsylvania,4025 LOCUST ST,APTS  5-50 UNTS MASONRY,1977
442,443,University of Pennsylvania,427 S 45TH ST,APTS  5-50 UNTS MASONRY,2415
443,444,University of Pennsylvania,3601-7 LOCUST WALK,MISC.YMCA TYPE MASONRY,9600
444,445,University of Pennsylvania,3926-38 CHESTNUT ST,OFF/BLD COMM NO GAR MAS.+,37998
445,446,University of Pennsylvania,3933 PINE ST,APTS  5-50 UNTS MASONRY,1620
446,447,University of Pennsylvania,305 S 39TH ST,PARKING LOT PRIVATE,5740
447,448,University of Pennsylvania,4224-34 OSAGE AVE,APTS  5-50 UNTS MASONRY,9600
448,449,University of Pennsylvania,3601-51 WALNUT ST,HOTEL 6 STY MASONRY,110496
449,450,University of Pennsylvania,4025-33 PINE ST,APTS DORMITORY MASONRY,15000
450,451,University of Pennsylvania,200 S 41ST ST,OFF/BLD N/COMM W-PKG MASO,12280
451,452,University of Pennsylvania,3700-12 SPRUCE ST,APTS DORMITORY MASONRY,71812
452,453,University of Pennsylvania,413 S 40TH ST,APTS  5-50 UNTS MASONRY,1361
453,454,University of Pennsylvania,3940-42 CHESTNUT ST,STORE 1 STY MASONRY,6523
454,455,University of Pennsylvania,3935 BALTIMORE AVE,ROW 3 STY MASONRY,1050
455,456,University of Pennsylvania,214 S 42ND ST,APTS  5-50 UNTS MASONRY,2875
456,457,University of Pennsylvania,2910 SOUTH ST,VAC LAND RESID. ACRE+,27331
457,458,University of Pennsylvania,3600-48 CHESTNUT ST,APTS DORMITORY MASONRY,108008
458,459,University of Pennsylvania,4124 LUDLOW ST,PRIV.GAR 1STY MAS.+OTHER,3358
459,460,University of Pennsylvania,3000 WALNUT ST,VAC LAND COMM. ACRE+,937520
460,461,University of Pennsylvania,3710-30 LOCUST WALK,SCHOOL 5STY MASONRY,36913
461,462,University of Pennsylvania,3701-45 SPRUCE ST,SCHOOL 4STY MAS+OTHER,153741
462,463,University of Pennsylvania,500 OSLER CIR,MISC.RESEARCH MAS.+OTHER,49884
463,464,University of Pennsylvania,250-80 S 37TH ST,SCHOOL 4STY MAS+OTHER,74785
464,465,University of Pennsylvania,3934 SPRUCE ST,AMUSE FRATERNITIES MASONR,3776
465,466,University of Pennsylvania,3401 GRAYS FERRY AVE,IND WHSE MAS.+OTHER,950283
466,467,University of Pennsylvania,1800 LOMBARD ST,CONDO PARKING SPACE,24687
467,468,University of Pennsylvania,1801 SOUTH ST,HEALTH FAC.HOSP MASONRY,65725
468,469,University of Pennsylvania,3801-15 SPRUCE ST,APTS DORMITORY MASONRY,64149
469,470,University of Pennsylvania,3400-04 WALNUT ST,SCHOOL 3STY MAS.+OTHER,34055
470,471,University of Pennsylvania,4009 CHESTNUT ST,HOTEL/RM.HSE 3STY MASONRY,2862
471,472,University of Pennsylvania,3930 SANSOM ST,ROW CONV/APT 3STY MASONRY,1647
472,473,University of Pennsylvania,3401-99 SPRUCE ST,SCHOOL 4STY MASONRY,364745
473,474,University of Pennsylvania,461 UNIVERSITY AVE,SCHOOL 3STY MAS.+OTHER,505832
474,475,University of Pennsylvania,3826-30 SPRUCE ST,PARKING LOT PRIVATE,10587
475,476,University of Pennsylvania,4001-13 WALNUT ST,GAR.W-COMM. MASON + OTHER,38256
476,477,University of Pennsylvania,4037 PINE ST,ROW W/GAR 2.5STY MASONRY,15000
477,478,University of Pennsylvania,3954 PINE ST,SEMI/DET 3 STY MASONRY,1875
478,479,University of Pennsylvania,4032 LOCUST ST,ROW 2 STY MASONRY,1600
479,480,University of Pennsylvania,3944 PINE ST,ROW CONV/APT 3STY MASONRY,1173
480,481,University of Pennsylvania,3805-07 WALNUT ST,SCHOOL 4STY MASONRY,5865
481,482,University of Pennsylvania,3948-50 PINE ST,APTS  5-50 UNTS MASONRY,3750
482,483,University of Pennsylvania,4002 CHESTNUT ST,STR/OFF+APTS 3STY MASONRY,2500
483,484,University of Pennsylvania,104 S 40TH ST,VAC LAND COMM. < ACRE,2500
484,485,University of Pennsylvania,301 S 34TH ST,PARKING LOT COMMERCIAL,14338
485,486,University of Pennsylvania,401 UNIVERSITY AVE,PARKING LOT PRIVATE,61959
486,487,University of Pennsylvania,201 S 32ND ST,AMUSEMENT CITY PARK,338225
487,488,University of Pennsylvania,3100 WALNUT ST,PARKING LOT COMMERCIAL,204832
488,489,University of Pennsylvania,3700-34 WALNUT ST,SCHOOL 10-14STY MASONRY,40874
489,490,University of Pennsylvania,3430 SANSOM ST,STR/OFF+APTS 3STY MASONRY,5118
490,491,University of Pennsylvania,3700-02 LOCUST WALK,SCHOOL 3STY MASONRY,5175
491,492,University of Pennsylvania,3700 CURIE BLVD,GAR.NO COMM.AREA MAS.+OTH,56562
492,493,University of Pennsylvania,4003 CHESTNUT ST,S/D OFF/STR 3STY MASONRY,2862
493,494,University of Pennsylvania,3928 SANSOM ST,HOTEL/RM.HSE 3STY MASONRY,1644
494,495,University of Pennsylvania,122 S 39TH ST,APTS  5-50 UNTS MASONRY,2320
495,496,University of Pennsylvania,130-32 S 39TH ST,AMUSE FRATERNITIES MASONR,4481
496,497,University of Pennsylvania,3501 CHESTNUT ST,HOTEL 20+STY MASONRY,37900
497,498,University of Pennsylvania,3900-02 SPRUCE ST,AMUSE FRATERNITIES MASONR,8704
498,499,University of Pennsylvania,3937 PINE ST,APTS  5-50 UNTS MASONRY,1620
499,500,University of Pennsylvania,3819-31 CHESTNUT ST,OFF/BLD N/COMM W-PKG MASO,43007
500,501,University of Pennsylvania,3317-33 CHESTNUT ST,GAR.W-COMM. MASON + OTHER,62503
501,502,University of Pennsylvania,221 S 34TH ST,SCHOOL 3STY MASONRY,134212
502,503,University of Pennsylvania,4047 LOCUST ST,ROW CONV/APT 3STY MASONRY,2800
503,504,University of Pennsylvania,4054 SPRUCE ST,APTS  5-50 UNTS MASONRY,2442
504,505,University of Pennsylvania,3919 PINE ST,APTS  5-50 UNTS MASONRY,1620
505,506,University of Pennsylvania,108 S 40TH ST,STORE 2 STY MASONRY,2500
506,507,University of Pennsylvania,4111-23 CHESTNUT ST,PARKING LOT PRIVATE,21372
507,508,University of Pennsylvania,3501 SPRUCE ST,SCHOOL 8STY MASONRY,26114
508,509,University of Pennsylvania,1900-14 LOMBARD ST,PARKING LOT COMMERCIAL,23974
509,510,University of Pennsylvania,3457-59 WALNUT ST,SCHOOL 7STY MAS+OTHER,12104
510,511,University of Pennsylvania,3704-06 LOCUST WALK,AMUSE FRATERNITIES MASONR,11200
511,512,University of Pennsylvania,3905 SPRUCE ST,AMUSE TV/RADIO STA MASONR,21136
512,513,University of Pennsylvania,3801-51 LOCUST WALK,AMUSE FRATERNITIES MASONR,68048
513,514,University of Pennsylvania,3914 LOCUST WALK,DET 3 STY MASONRY,62333
514,515,University of Pennsylvania,4039 CHESTNUT ST,APTS 51-100UNTS MASONRY,13856
515,516,Drexel University,3211 RACE ST,VAC LAND COMM. < ACRE,1329
516,517,Drexel University,208-10 N 34TH ST,AMUSE FRATERNITIES MASONR,8585
517,518,Drexel University,225-51 N 32ND ST,IND.WHSE MASONRY,18802
518,519,Drexel University,3200 SUMMER ST,SEMI/DET 3 STY MASONRY,3206
519,520,Drexel University,3140-42 MARKET ST,SUP.MARK.2STY MASONRY,10565
520,521,Drexel University,3126-38 MARKET ST,VAC LAND COMM. < ACRE,33485
521,522,Drexel University,3100-16 MARKET ST,SCHOOL 5STY MAS+OTHER,34500
522,523,Drexel University,3412 RACE ST,S/D CON.APT 3STY MASONRY,4098
523,524,Drexel University,3204 SUMMER ST,S/D CON.APT 3STY MASONRY,1440
524,525,Drexel University,3206 SUMMER ST,S/D CON.APT 3STY MASONRY,1534
525,526,Drexel University,3601-03 POWELTON AVE,APTS  5-50 UNTS MASONRY,8900
526,527,Drexel University,200 N 34TH ST,S/D W DET GAR 3 STY MASON,3840
527,528,Drexel University,314 N 32ND ST,APTS  5-50 UNTS MASONRY,1942
528,529,Drexel University,1437 VINE ST,STR/OFF 2 STY MASONRY,1260
529,530,Drexel University,3201 RACE ST,PARKING LOT PRIVATE,2298
530,531,Drexel University,3608-16 POWELTON AVE,IND WHSE MAS.+OTHER,11325
531,532,Drexel University,3408 POWELTON AVE,APTS  5-50 UNTS MASONRY,2899
532,533,Drexel University,3410 POWELTON AVE,APTS  5-50 UNTS MASONRY,2897
533,534,Drexel University,213 N 35TH ST,APTS  5-50 UNTS MASONRY,2689
534,535,Drexel University,201-11 N 35TH ST,PARKING LOT PRIVATE,32652
535,536,Drexel University,219-25 N BROAD ST,HEALTH FAC.MED.CENT.MAS.+,8000
536,537,Drexel University,3422 POWELTON AVE,APTS  5-50 UNTS MASONRY,2207
537,538,Drexel University,3419 RACE ST,APT 2-4  UNTS 3STY MASONR,2750
538,539,Drexel University,3210-20 SPRING GARDEN ST,IND.WHSE MASONRY,22800
539,540,Drexel University,3432 POWELTON AVE,APTS  5-50 UNTS MASONRY,2448
540,541,Drexel University,3203-09 RACE ST,PARKING LOT COMMERCIAL,5312
541,542,Drexel University,3606 POWELTON AVE,APTS  5-50 UNTS MASONRY,3000
542,543,Drexel University,215 N 35TH ST,APTS  5-50 UNTS MASONRY,2682
543,544,Drexel University,3420 POWELTON AVE,APTS  5-50 UNTS MASONRY,3593
544,545,Drexel University,3605 POWELTON AVE,APTS  5-50 UNTS MASONRY,8900
545,546,Drexel University,3426 POWELTON AVE,APTS  5-50 UNTS MASONRY,2155
546,547,Drexel University,1435 VINE ST,OFF/BLD N/PKG N/COM MASON,1208
547,548,Drexel University,3300-04 ARCH ST,VAC LAND COMM. < ACRE,19177
548,549,Drexel University,3420 RACE ST,S/D CON.APT 3STY MASONRY,5056
549,550,Drexel University,3201 WINTER ST,PRIV.GAR 2STY MASONRY,1539
550,551,Drexel University,3423-25 RACE ST,AMUSE FRATERNITIES MASONR,5897
551,552,Drexel University,3213-21 RACE ST,OFF/BLD N/COMM W-PKG MASO,12262
552,553,Drexel University,3414 POWELTON AVE,VAC LAND RES < ACRE,3445
553,554,Drexel University,202 N 34TH ST,S/D CON.APT 3STY MASONRY,3240
554,555,Drexel University,3201-21 ARCH ST,OFF/BLD N/PKG N/COM MASON,22168
555,556,Drexel University,3200-22 ARCH ST,PARKING LOT PRIVATE,56600
556,557,Drexel University,3200 POWELTON AVE,APTS  5-50 UNTS MASONRY,1750
557,558,Drexel University,219 N 35TH ST,APTS  5-50 UNTS MASONRY,3272
558,559,Drexel University,3205 SUMMER ST,SEMI/DET 3 STY MASONRY,1538
559,560,Drexel University,3613 POWELTON AVE,APTS  5-50 UNTS MASONRY,5128
560,561,Drexel University,3611 POWELTON AVE,APTS  5-50 UNTS MASONRY,6675
561,562,Drexel University,202-14 N 33RD ST,APTS DORMITORY MASONRY,67330
562,563,Drexel University,3412 POWELTON AVE,VAC LAND RES < ACRE,3448
563,564,Drexel University,3202 SUMMER ST,VAC LAND RES < ACRE,2232
564,565,Drexel University,2900 W QUEEN LN,SCHOOL 3STY MASONRY,620084
565,566,Drexel University,3425-29 POWELTON AVE,PARKING LOT PRIVATE,13350
566,567,Drexel University,3404 POWELTON AVE,APTS  5-50 UNTS MASONRY,2938
567,568,Drexel University,201 N 34TH ST,APTS DORMITORY MASONRY,36062
568,569,Drexel University,3424 POWELTON AVE,APTS  5-50 UNTS MASONRY,2183
569,570,Drexel University,217 N 35TH ST,APTS  5-50 UNTS MASONRY,2679
570,571,Drexel University,400-04 N 31ST ST,AUTO REPAIR SHOP MASONRY,5000
571,572,Drexel University,3410 RACE ST,S/D CON.APT 3STY MASONRY,3948
572,573,Drexel University,3401 FILBERT ST,SCHOOL 1STY MASONRY,74835
573,574,Drexel University,3414 HAMILTON ST,APTS  5-50 UNTS MASONRY,2600
574,575,Drexel University,3406 POWELTON AVE,APTS  5-50 UNTS MASONRY,2901
575,576,Drexel University,20-40 S 33RD ST,SCHOOL 2STY MAS.+OTHER,19340
576,577,Drexel University,229 N 34TH ST,APTS DORMITORY MASONRY,20875
577,578,Drexel University,3430 POWELTON AVE,APTS  5-50 UNTS MASONRY,2090
578,579,Drexel University,101 N 33RD ST,OFF/BLDG W/COMM+GAR MASON,43353
579,580,Drexel University,1427-33 VINE ST,OFF/BLD N/PKG N/COM MASON,8938
580,581,Drexel University,1200-02 CHESTNUT ST,OFF/BLDG COMM NO GAR MASO,7250
581,582,Drexel University,204-06 N 34TH ST,APT DORMITORY MAS.+OTHER,6050
582,583,Drexel University,3428 POWELTON AVE,APTS  5-50 UNTS MASONRY,2132
583,584,Drexel University,3161-67 MARKET ST,AUTO REPAIR SHOP MASONRY,26675
584,585,Drexel University,3175 JOHN F KENNEDY BLVD,APTS DORMITORY MASONRY,47922
585,586,Drexel University,115-25 N 32ND ST,APTS DORMITORY MASONRY,56366
586,587,Drexel University,3051 JOHN F KENNEDY BLVD,PARKING LOT COMMERCIAL,75102
587,588,Drexel University,3025 JOHN F KENNEDY BLVD,PARKING LOT COMMERCIAL,42967
588,589,Drexel University,3003 JOHN F KENNEDY BLVD,PARKING LOT COMMERCIAL,27462
589,590,Drexel University,3001 JOHN F KENNEDY BLVD,PARKING LOT COMMERCIAL,8085
590,591,Drexel University,3200 RACE ST,APT DORMITORY MAS.+OTHER,60869
591,592,Drexel University,3312 RACE ST,VAC LAND RES < ACRE,5700
592,593,Drexel University,3316 RACE ST,APT 2-4  UNTS 3STY MASONR,2454
593,594,Drexel University,3314 RACE ST,APT 2-4  UNTS 3STY MASONR,2279
594,595,Drexel University,3301 MARKET ST,SCHOOL 2STY MASONRY,219417
595,596,Drexel University,68 N 34TH ST,VAC LAND COMM. < ACRE,14732
596,597,Drexel University,3300-50 MARKET ST,SCHOOL 4STY MASONRY,107330
597,598,Drexel University,3400 LANCASTER AVE,VAC LAND COMM. ACRE+,70836
598,599,Drexel University,3103 BARING ST,VAC LAND RES < ACRE,2288
599,600,Drexel University,3300 RACE ST,APT DORMITORY MAS.+OTHER,28660
600,601,Drexel University,3501 MARKET ST,SCHOOL 4STY MASONRY,64837
601,602,Drexel University,3201 CHESTNUT ST,SCHOOL 5STY MASONRY,271467
602,603,Drexel University,3144-50 MARKET ST,VAC LAND RES < ACRE,42344
603,604,Drexel University,3200-60 CHESTNUT ST,SCHOOL 6STY MAS+OTHER,135432
604,605,Drexel University,3750 LANCASTER AVE,VAC LAND COMM. ACRE+,97164
605,606,Drexel University,275 N 38TH ST,VAC LAND COMM. ACRE+,53209
606,607,Drexel University,115 N 38TH ST,VAC LAND COMM. ACRE+,44000
607,608,Drexel University,3701 FILBERT ST,VAC LAND COMM. ACRE+,51749
608,609,Drexel University,60 N 36TH ST,VAC LAND COMM. ACRE+,150293
609,610,Drexel University,225 N 38TH ST,VAC LAND COMM. ACRE+,212171
610,611,Drexel University,116 N 34TH ST,VAC LAND RES < ACRE,10665
611,612,Philadelphia University,3427R WARDEN DR,DET.W/GAR 2.5STY MASONRY,26556
612,613,Philadelphia University,3460 W SCHOOL HOUSE LN,SCHOOL 3STY MAS.+OTHER,101894
613,614,Philadelphia University,3464 W SCHOOL HOUSE LN,APT DORMITORY MAS.+OTHER,304281
614,615,Philadelphia University,3120 W SCHOOL HOUSE LN,APTS 100 +  UNITS MASONRY,234180
615,616,Philadelphia University,3242 W SCHOOL HOUSE LN,MISC.ADMIN.BLDG MASONRY,115713
616,617,Philadelphia University,3230 W SCHOOL HOUSE LN,DET W/D.GAR 2.5 STY FRAME,51821
617,618,Philadelphia University,3480 W SCHOOL HOUSE LN,SCHOOL 3STY MASONRY,1169407
618,619,Philadelphia University,3400 W SCHOOL HOUSE LN,DET W/DET GAR 3 STY STONE,163635
619,620,Philadelphia University,3243 W SCHOOL HOUSE LN,SCHOOL 3STY MASONRY,1456248
620,621,Philadelphia University,4200 HENRY AVE,SCHOOL 1STY MASONRY,98586
621,622,Philadelphia University,3333 W SCHOOL HOUSE LN,VAC LAND RESID. ACRE+,132194
622,623,Philadelphia University,3339 W SCHOOL HOUSE LN,DET W/DET GAR 2 STY MASON,84311
623,624,Philadelphia University,4150 HENRY AVE,IND.WHSE MASONRY,121801
624,625,Saint Joseph's University,6300-18 CITY AVE,APTS DORMITORY MASONRY,38949
625,626,Saint Joseph's University,2443-45 N 54TH ST,SCHOOL 1STY MASONRY,24920
626,627,Saint Joseph's University,6050 OVERBROOK AVE,APTS  5-50 UNTS MASONRY,26202
627,628,Academy of Vocal Arts,1916 SPRUCE ST,SCHOOL 4STY MASONRY,3056
628,629,Academy of Vocal Arts,1918-20 SPRUCE ST,SCHOOL 4STY MASONRY,10576
