OBJECTID,SCHOOL_NAME,STREET_ADDRESS,ZIP_CODE,GRADE_LEVEL,GRADE_ORG,TYPE,TYPE_SPECIFIC
1,LABORATORY CHARTER SCHOOL OF COMMUNICATIONS/DESIGN (ANNEX),5339 LEBANON AVE,19131,ELEMENTARY/MIDDLE,5-8,2,CHARTER
2,LABORATORY CHARTER SCHOOL OF COMMUNICATIONS/DESIGN (ANNEX),5901 WOODBINE AVE,19131,ELEMENTARY SCHOOL,K-4,2,CHARTER
3,OUR MOTHER OF CONSOLATION,7-29 E CHESTNUT HILL AVE,19118,ELEMENTARY/MIDDLE,PREK-8,3,ARCHDIOCESE
4,HOLY CROSS SCHOOL,148-54 E MOUNT AIRY AVE,19119,ELEMENTARY/MIDDLE,K-8,3,ARCHDIOCESE
5,ST JEROME SCHOOL,2950 HOLME AVE,19136,ELEMENTARY/MIDDLE,K-8,3,ARCHDIOCESE
6,RESURRECTION REGIONAL CATHOLIC SCHOOL,2020 SHELMIRE AVE.,19152,ELEMENTARY/MIDDLE,PREK-8,3,ARCHDIOCESE
7,FATHER JUDGE HIGH SCHOOL,3301 SOLLY AVE,19136,HIGH SCHOOL,9-12,3,ARCHDIOCESE
8,ST HELENA INCARNATION REGIONAL CATHOLIC SCHOOL,6101 N 5TH ST,19120,ELEMENTARY/MIDDLE,K-8,3,ARCHDIOCESE
9,ST ROSE OF LIMA SCHOOL,1508 N  WANAMAKER ST,19131,ELEMENTARY/MIDDLE,PREK-8,3,ARCHDIOCESE
10,IMMACULATE HEART OF MARY SCHOOL,815-23 CATHEDRAL RD,19128,ELEMENTARY/MIDDLE,PREK-8,3,ARCHDIOCESE
11,ST ATHANASIUS IMMACULATE CONCEPTION SCHOOL,7105 LIMEKILN PIKE,19138,ELEMENTARY/MIDDLE,PREK-8,3,ARCHDIOCESE
12,ST CECILIA SCHOOL,535 RHAWN ST,19111,ELEMENTARY/MIDDLE,K-8,3,ARCHDIOCESE
13,ST MARTIN DE PORRES SCHOOL,2300-36 W LEHIGH AVE,19132,ELEMENTARY/MIDDLE,K-8,3,ARCHDIOCESE
14,OUR LADY OF PORT RICHMOND SCHOOL,2639 E ALLEGHENY AVE,19134,ELEMENTARY/MIDDLE,PREK-8,3,ARCHDIOCESE
15,ST ANSELM ELEMENTARY SCHOOL,12656 DUNKS FERRY RD,19154,ELEMENTARY/MIDDLE,PREK-8,3,ARCHDIOCESE
16,ST CHRISTOPHER SCHOOL,13301 PROCTOR RD,19116,ELEMENTARY/MIDDLE,PREK-8,3,ARCHDIOCESE
17,ARCHBISHOP RYAN HIGH SCHOOL,11201 ACADEMY RD,19154,HIGH SCHOOL,9-12,3,ARCHDIOCESE
18,ST MONICA SENIOR SCHOOL,2500 S 16TH ST,19145,ELEMENTARY/MIDDLE,6-8,3,ARCHDIOCESE
19,MERCY CAREER AND TECHNICAL HIGH SCHOOL,2901 W ALLEGHENY AVE,19129,HIGH SCHOOL,9-12,3,ARCHDIOCESE
20,ST MALACHY SCHOOL,1415 N 11TH ST,19122,ELEMENTARY/MIDDLE,K-8,3,ARCHDIOCESE
21,ST MARTIN OF TOURS SCHOOL,5400 E ROOSEVELT BLV,19124,ELEMENTARY/MIDDLE,PREK-8,3,ARCHDIOCESE
22,ST KATHERINE SIENA SCHOOL,9720-88 FRANKFORD AVE,19114,ELEMENTARY/MIDDLE,K-8,3,ARCHDIOCESE
23,OUR MOTHER OF SORROWS/ST IGNATIUS OF LOYOLA SCHOOL,632-44 N 43RD ST,19104,ELEMENTARY/MIDDLE,PREK-8,3,PRIVATE
24,JOHN HANCOCK DEMONSTRATION MIDDLE SCHOOL- LABRUM CAMPUS,10800 HAWLEY ST.,19154,MIDDLE SCHOOL,6-8,1,DISTRICT
25,ST BARNABAS CATHOLIC SCHOOL,6334 BUIST AVE,19142,ELEMENTARY/MIDDLE,PREK-8,3,ARCHDIOCESE
26,ST GABRIEL SCHOOL,1432 S  29TH ST,19146,ELEMENTARY/MIDDLE,PREK-8,3,ARCHDIOCESE
27,ST DOMINIC SCHOOL,8500 FRANKFORD AVE,19136,ELEMENTARY/MIDDLE,PREK-8,3,ARCHDIOCESE
28,ST FRANCIS DESALES SCHOOL,917 S 47TH ST,19143,ELEMENTARY/MIDDLE,K-8,3,ARCHDIOCESE
29,SS JOHN NEUMANN AND MARIA GORETTI CATHOLIC HIGH SCHOOL,1736 S 10TH ST,19148,HIGH SCHOOL,9-12,3,ARCHDIOCESE
30,ST HUBERTS CATHOLIC HIGH SCHOOL,7320 TORRESDALE AVE,19136,HIGH SCHOOL,9-12,3,ARCHDIOCESE
31,VISITATION SCHOOL,300-40 E LEHIGH AVE,19125,ELEMENTARY/MIDDLE,K-8,3,ARCHDIOCESE
32,WEST CATHOLIC PREPARATORY HIGH SCHOOL,4501-17 CHESTNUT ST,19139,HIGH SCHOOL,9-12,3,ARCHDIOCESE
33,ST THOMAS AQUINAS SCHOOL,1616 S  17TH ST,19145,ELEMENTARY/MIDDLE,PREK-8,3,ARCHDIOCESE
34,ST RAYMOND OF PENAFORT SCHOOL,1330 VERNON RD,19150,ELEMENTARY/MIDDLE,PREK-8,3,ARCHDIOCESE
35,BLESSED TRINITY REGIONAL CATHOLIC SCHOOL,3001 LEVICK ST,19149,ELEMENTARY/MIDDLE,1-8,3,ARCHDIOCESE
36,ST PETER THE APOSTLE SCHOOL,1009 N 5TH ST,19123,ELEMENTARY/MIDDLE,PREK-8,3,ARCHDIOCESE
37,ST MATTHEW SCHOOL,3000 COTTMAN AVE,19149,ELEMENTARY/MIDDLE,PREK-8,3,ARCHDIOCESE
38,ST LAURENTIUS SCHOOL,1612 E BERKS ST,19125,ELEMENTARY/MIDDLE,K-8,3,ARCHDIOCESE
39,ST FRANCES CABRINI REGIONAL CATHOLIC SCHOOL,405 N 65TH ST,19151,ELEMENTARY/MIDDLE,PREK-8,3,ARCHDIOCESE
40,ST PIO REGIONAL CATHOLIC SCHOOL,1826 POLLOCK ST,19145,ELEMENTARY/MIDDLE,PREK-8,3,ARCHDIOCESE
41,"SYLVAN LEARNING CENTER
",6537 ROOSEVELT BLVD,19149,TUTORING,UNGRADED,3,PRIVATE
42,DELTA SCHOOL,3515 WOODHAVEN RD,19154,ELEMENTARY/MIDDLE/HIGH,K-12,3,PRIVATE
43,NORWOOD FONTBONNE ACADEMY,8891 GERMANTOWN AVE,19118,ELEMENTARY/MIDDLE,PREK-8,3,PRIVATE
44,SPRINGSIDE CHESTNUT HILL ACADEMY,500 W WILLOW GROVE AVE,19118,ELEMENTARY/MIDDLE/HIGH,PREK-12,3,PRIVATE
45,SPRINGSIDE CHESTNUT HILL ACADEMY,8000 CHEROKEE ST,19118,ELEMENTARY/MIDDLE/HIGH,PREK-12,3,PRIVATE
46,BELMONT ACADEMY CHARTER SCHOOL,907 N 41ST ST,19104,ELEMENTARY SCHOOL,PREK-K,2,CHARTER
47,PHILADELPHIA ACADEMY CHARTER SCHOOL (ANNEX),1700 TOMLINSON RD,19116,HIGH SCHOOL,9-12,2,CHARTER
48,ALLIANCE FOR PROGRESS CHARTER SCHOOL (ANNEX),1630-32 N 16TH ST,19121,ELEMENTARY SCHOOL,4-8,2,CHARTER
49,CEDAR GROVE CHRISTIAN ACADEMY LOWER SCHOOL,600 HELLERMAN ST,19111,ELEMENTARY/MIDDLE,PREK-8,3,PRIVATE
50,ST PETERS SCHOOL,311-21 LOMBARD ST,19147,ELEMENTARY/MIDDLE,PREK-8,3,PRIVATE
51,TIMOTHY ACADEMY,5500 TABOR AVE,19120,ELEMENTARY/MIDDLE,PREK-8,3,PRIVATE
52,ST JOSEPH'S PREPARATORY SCHOOL,1733 W GIRARD AVE,19130,HIGH SCHOOL,9-12,3,PRIVATE
53,FAITH CONNECTION CHRISTIAN ACADEMY,4524 BALTIMORE AVE,19143,ELEMENTARY/MIDDLE/HIGH,K-12,3,PRIVATE
54,RED LION ELEMENTARY SCHOOL,256 GEIGER RD,19115,ELEMENTARY SCHOOL,K-5,3,PRIVATE
55,MERAKEY AUTISM CENTER- PHILADELPHIA,2900 SOUTHAMPTON RD,19154,ELEMENTARY/MIDDLE/HIGH,K-12,3,PRIVATE
56,ALPHA HOUSE NURSERY & KINDERGARTEN,9801 FRANKFORD AVE,19114,KINDERGARTEN,PREK-K,3,PRIVATE
57,ALL SAINTS EPISCOPAL SCHOOL,9571 FRANKFORD AVE,19114,KINDERGARTEN,PREK-K,3,PRIVATE
58,BRIDGE SCHOOL,1100 ADAMS AVE,19124,VO-TECH,VO-TECH,3,PRIVATE
59,ISLAMIC EDUCATION SCHOOL,4431-39 WALNUT ST,19104,ELEMENTARY/MIDDLE,PREK-8,3,PRIVATE
60,KIDS WORLD CHRISTIAN EDUCATION CENTER- WEST PHILADELPHIA,100-04 S 61ST ST,19139,ELEMENTARY SCHOOL,PREK-4,3,PRIVATE
61,SHEPHERDS CHRISTIAN ACADEMY,6634-42 HAVERFORD AVE,19151,ELEMENTARY SCHOOL,PREK-5,3,PRIVATE
62,LITTLE FOOTSTEPS ISLAM INSTITUTE,5314 YOCUM ST,19143,ELEMENTARY/MIDDLE,PREK-8,3,PRIVATE
63,WILLIAM PENN CHARTER SCHOOL,3000 W SCHOOL HOUSE LN,19144,ELEMENTARY/MIDDLE/HIGH,PREK-12,3,PRIVATE
64,BEULAH BAPTIST CHRISTIAN DAY SCHOOL,5001 SPRUCE ST,19139,ELEMENTARY/MIDDLE,K-8,3,PRIVATE
65,FRANKFORD FRIENDS SCHOOL,1500 ORTHODOX ST,19124,ELEMENTARY/MIDDLE,PREK-8,3,PRIVATE
66,PROJECT LEARN,6519-25 GERMANTOWN AVE,19119,ELEMENTARY/MIDDLE,K-8,3,PRIVATE
67,LOTUS ACADEMY,334 E HAINES ST,19144,ELEMENTARY/MIDDLE,PREK-8,3,PRIVATE
68,CALVARY TEMPLE CHRISTIAN ACADEMY,3301 S  20TH  ST,19145,ELEMENTARY/MIDDLE,PREK-8,3,PRIVATE
69,CROOKED PLACES MADE STRAIGHT,2617 WASHINGTON AVE,19146,ELEMENTARY/MIDDLE/HIGH,K-12,3,PRIVATE
70,ST MARYS INTERPAROCHIAL SCHOOL,440 LOCUST ST,19106,ELEMENTARY/MIDDLE,K-8,3,ARCHDIOCESE
71,ST MARTHA SCHOOL,11301 ACADEMY RD,19154,ELEMENTARY/MIDDLE,PREK-8,3,ARCHDIOCESE
72,MATERNITY BVM SCHOOL,9322 OLD BUSTLETON AVE,19115,ELEMENTARY/MIDDLE,PREK-8,3,ARCHDIOCESE
73,OUR LADY OF CALVARY SCHOOL,11026 KNIGHTS RD,19154,ELEMENTARY/MIDDLE,PREK-8,3,ARCHDIOCESE
74,CHRIST THE KING SCHOOL,3201 CHESTERFIELD RD,19114,ELEMENTARY/MIDDLE,PREK-8,3,ARCHDIOCESE
75,BEGINNINGS LEARNING CENTER,620 S 10TH ST,19147,PRE-SCHOOL,PREK-K,3,PRIVATE
76,JUBILEE SCHOOL,4211 CHESTER AVE,19104,ELEMENTARY SCHOOL,PREK-6,3,PRIVATE
77,MILL CREEK SCHOOL,111 N 49TH ST,19139,HIGH SCHOOL,7-12,3,PRIVATE
78,IJOBA SHULE,6026 DREXEL RD,19131,ELEMENTARY/MIDDLE,PREK-7,3,PRIVATE
79,NORTHEAST CENTRAL CHRISTIAN SCHOOL,7200-50 E ROOSEVELT BLV,19149,ELEMENTARY SCHOOL,PREK-5,3,PRIVATE
80,CRYSTAL RIVER ACADEMY,6401 LORETTO AVE,19111,ELEMENTARY/MIDDLE,K-8,3,PRIVATE
81,HOLY INNOCENTS SCHOOL,1312 E  BRISTOL ST,19124,ELEMENTARY/MIDDLE,PREK-8,3,ARCHDIOCESE
82,ST LUCY DAY SCHOOL FOR CHILDREN WITH VISUAL IMPAIRMENTS,1301 E HUNTING PARK AVE,19124,ELEMENTARY/MIDDLE,PREK-8,3,ARCHDIOCESE
83,SPRING GARDEN ACADEMY - TIOGA,3501-05 N 17TH ST,19140,ELEMENTARY/MIDDLE,1-8,3,PRIVATE
84,THANKFUL LEARNING CENTER INC,3200-02 N 17TH ST,19140,PRE-SCHOOL,PRE-SCHOOL,3,PRIVATE
85,EDUCATION IS THE KEY LEARNING CENTER,1901 W GIRARD AVE,19142,ELEMENTARY/MIDDLE,PREK-7,3,PRIVATE
86,TARBIYATUL ILM ACADEMY INC.,5700 N BROAD ST,19141,ELEMENTARY/MIDDLE,K-8,3,PRIVATE
87,KIDS WORLD CHRISTIAN EDUCATION CENTER- GERMANTOWN,629 E CHURCH LANE,19144,ELEMENTARY SCHOOL,PREK-5,3,PRIVATE
88,ST JAMES SCHOOL,3201-29 W CLEARFIELD ST,19132,MIDDLE SCHOOL,5-8,3,PRIVATE
89,PRODIGY LEARNING CENTERS,3345 W HUNTING PARK AVE,19132,ELEMENTARY SCHOOL,PREK-K,3,PRIVATE
90,MT AIRY CHRISTIAN DAY SCHOOL,6401 OGONTZ AVE,19126,PRE-SCHOOL,PRE-SCHOOL,3,PRIVATE
91,ADELAIDE EDUCATIONAL ACADEMY CENTER,6100 N 21ST ST,19138,ELEMENTARY SCHOOL,PREK-7,3,PRIVATE
92,SAINTS TABERNACLE DAY SCHOOL,5800 N MARVINE ST,19141,ELEMENTARY/MIDDLE,K-8,3,PRIVATE
93,LOGAN HOPE SCHOOL,4934 N 13TH ST,19141,ELEMENTARY/MIDDLE,K-8,3,PRIVATE
94,CONSTITUTION HIGH SCHOOL,18 S 7TH ST,19106,HIGH SCHOOL,9-12,1,DISTRICT
95,"CONWELL, RUSSELL MIDDLE SCHOOL",1849 E CLEARFIELD ST,19134,MIDDLE SCHOOL,5-8,1,DISTRICT
96,"COOKE, JAY ELEMENTARY SCHOOL",1300 W LOUDEN ST,19141,ELEMENTARY/MIDDLE,K-8,1,DISTRICT
97,COOK-WISSAHICKON SCHOOL,201 E SALAIGNAC ST,19128,ELEMENTARY/MIDDLE,K-8,1,DISTRICT
98,"CRAMP, WILLIAM SCHOOL",3449 N MASCHER ST,19140,ELEMENTARY SCHOOL,K-5,1,DISTRICT
99,CREATIVE AND PERFORMING ARTS,901 S BROAD ST,19147,HIGH SCHOOL,9-12,1,DISTRICT
100,"CROSSAN, KENNEDY C. SCHOOL",7350 BINGHAM ST,19111,ELEMENTARY SCHOOL,K-5,1,DISTRICT
101,"DAY, ANNA B. SCHOOL",6324 CRITTENDEN ST,19138,ELEMENTARY/MIDDLE,K-8,1,DISTRICT
102,"DEBURGOS, J. ELEMENTARY",401 W LEHIGH AVE,19133,ELEMENTARY/MIDDLE,K-8,1,DISTRICT
103,"DECATUR, STEPHEN SCHOOL",3500 ACADEMY RD,19154,ELEMENTARY/MIDDLE,K-8,1,DISTRICT
104,"DICK, WILLIAM SCHOOL",2498 W DIAMOND ST,19121,ELEMENTARY/MIDDLE,K-8,1,DISTRICT
105,"DISSTON, HAMILTON SCHOOL",6801 COTTAGE ST,19135,ELEMENTARY/MIDDLE,K-8,1,DISTRICT
106,"DOBBINS, MURRELL HIGH SCHOOL",2150 W LEHIGH AVE,19132,HIGH SCHOOL,9-12,1,DISTRICT
107,"DOBSON, JAMES SCHOOL",4667 UMBRIA ST,19127,ELEMENTARY/MIDDLE,K-8,1,DISTRICT
108,"DUCKREY, TANNER SCHOOL",1501 W DIAMOND ST,19121,ELEMENTARY/MIDDLE,K-8,1,DISTRICT
109,"DUNBAR, PAUL L. SCHOOL",1750 N 12TH ST,19122,ELEMENTARY/MIDDLE,K-8,1,DISTRICT
110,"EDISON, THOMAS A. HIGH SCHOOL",151 W LUZERNE ST,19140,HIGH SCHOOL,9-12,1,DISTRICT
111,"EDMONDS, FRANKLIN S. SCHOOL",8025 THOURON AVE,19150,ELEMENTARY/MIDDLE,K-8,1,DISTRICT
112,"ELKIN, LEWIS SCHOOL",3199 D ST,19134,ELEMENTARY SCHOOL,K-4,1,DISTRICT
113,ELLWOOD SCHOOL,6701 N 13TH ST,19126,ELEMENTARY SCHOOL,K-5,1,DISTRICT
114,"EMLEN, ELEANOR C. SCHOOL",6501 CHEW AVE,19119,ELEMENTARY SCHOOL,K-5,1,DISTRICT
115,ENGINEERING & SCIENCE HIGH,1600 W NORRIS ST,19121,MIDDLE/HIGH,7-12,1,DISTRICT
116,"FARRELL, LOUIS H. SCHOOL",8300 CASTOR AVE,19152,ELEMENTARY/MIDDLE,K-8,1,DISTRICT
117,"FELL, D. NEWLIN SCHOOL",900 W OREGON AVE,19148,ELEMENTARY/MIDDLE,K-8,1,DISTRICT
118,"FELS, SAMUEL HIGH SCHOOL",5500 LANGDON ST,19124,HIGH SCHOOL,9-12,1,DISTRICT
119,FELTONVILLE ARTS & SCIENCES,210 E COURTLAND ST,19120,MIDDLE SCHOOL,6-8,1,DISTRICT
120,FELTONVILLE INTERMEDIATE,238 E WYOMING AVE,19120,ELEMENTARY SCHOOL,3-5,1,DISTRICT
121,"FINLETTER, THOMAS K. SCHOOL",6100 N FRONT ST,19120,ELEMENTARY/MIDDLE,K-8,1,DISTRICT
122,FITLER ACADEMICS PLUS,140 W SEYMOUR ST,19144,ELEMENTARY/MIDDLE,K-8,1,DISTRICT
123,"FITZPATRICK, A. L. SCHOOL",11061 KNIGHTS RD,19154,ELEMENTARY/MIDDLE,K-8,1,DISTRICT
124,"FORREST, EDWIN SCHOOL",7300 COTTAGE ST,19136,ELEMENTARY SCHOOL,K-6,1,DISTRICT
125,FOX CHASE SCHOOL,500 RHAWN ST,19111,ELEMENTARY SCHOOL,K-5,1,DISTRICT
126,CHRISTOPHER COLUMBUS CHARTER SCHOOL (ANNEX),1242 S 13TH ST,19147,ELEMENTARY SCHOOL,5-8,2,CHARTER
127,ST FRANCIS XAVIER SCHOOL,641-51 N 24TH ST,19130,ELEMENTARY/MIDDLE,PREK-8,3,ARCHDIOCESE
128,JOHN W HALLAHAN GIRLS SCHOOL,319 N 19TH ST,19103,HIGH SCHOOL,9-12,3,ARCHDIOCESE
129,ROMAN CATHOLIC HIGH SCHOOL,303 N BROAD ST,19107,HIGH SCHOOL,9-12,3,ARCHDIOCESE
130,HOLY REDEEMER SCHOOL,903-27 VINE ST,19107,ELEMENTARY/MIDDLE,K-8,3,ARCHDIOCESE
131,LITTLE FLOWER CATHOLIC SCHOOL,1001 W LUZERNE ST,19140,HIGH SCHOOL,9-12,3,ARCHDIOCESE
132,ARCHBISHOP RYAN ACADEMY FOR THE DEAF,4251 L STREET,19124,ELEMENTARY/MIDDLE,K-8,3,ARCHDIOCESE
133,ST VERONICA SCHOOL,3501-25 N 6TH ST,19140,ELEMENTARY/MIDDLE,K-8,3,ARCHDIOCESE
134,ST GEORGE SCHOOL,2700 E VENANGO ST,19134,ELEMENTARY/MIDDLE,PREK-8,3,ARCHDIOCESE
135,MOTHER DIVINE GRACE SCHOOL,2612 E MONMOUTH ST,19134,ELEMENTARY/MIDDLE,PREK-8,3,ARCHDIOCESE
136,NAZARETH ACADEMY GRADE SCHOOL,4701 GRANT AVE,19114,ELEMENTARY/MIDDLE,1-8,3,PRIVATE
137,NAZARETH ACADEMY HIGH SCHOOL,4001 GRANT AVE,19114,HIGH SCHOOL,9-12,3,PRIVATE
138,BETHEL BAPTIST ACADEMY,2210 E SUSQUEHANNA AVE,19125,ELEMENTARY/MIDDLE/HIGH,PREK-12,3,PRIVATE
139,GREATER HOPE CHRISTIAN ACADEMY,7029 WOODLAND AVE,19142,ELEMENTARY/MIDDLE/HIGH,PREK-12,3,PRIVATE
140,EASTER SEALS OF SOUTHEASTERN PA - JOSEPH X. YAFFE CENTER,3975 CONSHOHOCKEN AVE,19131,SPECIAL CENTER,UNGRADED,3,PRIVATE
141,K W REED CHRISTIAN ACADEMY FOR BOYS,3955 CONSHOHOCKEN AVE,19131,ELEMENTARY/MIDDLE,K-8,3,PRIVATE
142,COMMUNITY PARTNERSHIP SCHOOL,3033 W GLENWOOD AVE,19121,ELEMENTARY SCHOOL,PREK-5,3,PRIVATE
143,WHITE DOVE PERFORMING ARTS ACADEMY,2510 RIDGE AVE,19121,ELEMENTARY/MIDDLE/HIGH,PREK-12,3,PRIVATE
144,GESU SCHOOL,1700 W THOMPSON ST,19121,ELEMENTARY/MIDDLE,PREK-8,3,PRIVATE
145,PHILADELPHIA ACADEMIC SCHOOL,1421 W GIRARD AVE,19130,HIGH SCHOOL,12,3,PRIVATE
146,SHILOH CHRISTIAN ACADEMY,1516-34 MASTER ST,19121,ELEMENTARY/MIDDLE,K-8,3,PRIVATE
147,AL MOSHEH SHULE OF POSITIVE ED,3922 CAMBRIDGE ST,19104,ELEMENTARY/MIDDLE,K-4,3,PRIVATE
148,HOPE PARTNERSHIP FOR EDUCATION,2601 N 11TH ST,19133,MIDDLE/HIGH,5-8,3,PRIVATE
149,SPRING GARDEN ACADEMY,1801 SPRING GARDEN ST,19130,PRE-SCHOOL,PREK-K,3,PRIVATE
150,"FRANK, ANNE SCHOOL",2000 BOWLER ST,19115,ELEMENTARY SCHOOL,K-5,1,DISTRICT
151,FRANKFORD HIGH SCHOOL,5000 OXFORD AVE,19124,HIGH SCHOOL,9-12,1,DISTRICT
152,FRANKLIN LEARNING CENTER,616 N 15TH ST,19130,HIGH SCHOOL,9-12,1,DISTRICT
153,"FRANKLIN, BENJAMIN HIGH SCHOOL",550 N BROAD ST,19130,HIGH SCHOOL,9-12,1,DISTRICT
154,"FRANKLIN, BENJAMIN SCHOOL",5735 RISING SUN AVE,19120,ELEMENTARY/MIDDLE,K-8,1,DISTRICT
155,"FURNESS, HORACE HIGH SCHOOL",1900 S 3RD ST,19148,HIGH SCHOOL,9-12,1,DISTRICT
156,"GIDEON, EDWARD SCHOOL",2817 W GLENWOOD AVE,19121,ELEMENTARY/MIDDLE,K-8,1,DISTRICT
157,GIRARD ACADEMIC MUSIC PROGRAM,2136 W RITNER ST,19145,MIDDLE/HIGH,5-12,1,DISTRICT
158,"GIRARD, STEPHEN SCHOOL",1800 SNYDER AVE,19145,ELEMENTARY SCHOOL,K-4,1,DISTRICT
159,"GIRLS, PHILA HIGH SCHOOL FOR",1400 W OLNEY AVE,19141,HIGH SCHOOL,9-12,1,DISTRICT
160,"GOMPERS, SAMUEL SCHOOL",5701 WYNNEFIELD AVE,19131,ELEMENTARY/MIDDLE,K-8,1,DISTRICT
161,FRIENDS SELECT SCHOOL,3 BENJ FRANKLIN PKY,19103,ELEMENTARY/MIDDLE/HIGH,PREK-12,3,PRIVATE
162,GREENE TOWNE SCHOOL INC,2121 ARCH ST,19103,KINDERGARTEN,PREK-K,3,PRIVATE
163,HMS SCHOOL FOR CHILDREN W/CEREBRAL PALSY,4400 BALTIMORE AVE,19104,ELEMENTARY/MIDDLE/HIGH,PREK-12,3,PRIVATE
164,PHILADELPHIA SCHOOL,2501-29 LOMBARD ST,19146,ELEMENTARY/MIDDLE,PREK-8,3,PRIVATE
165,FREIRE CHARTER SCHOOL,1026 MARKET ST,19107,MIDDLE SCHOOL,5-8,2,CHARTER
166,PHILADELPHIA PERFORMING ARTS CHARTER SCHOOL,1600 VINE ST,19102,MIDDLE/HIGH,5-12,2,CHARTER
167,EVELYN GRAVES CHRISTIAN ACADEMY,5501 CHESTER AVE,19143,ELEMENTARY/MIDDLE/HIGH,PREK-12,3,PRIVATE
168,CORNERSTONE CHRISTIAN ACADEMY,1939 S 58TH ST,19143,ELEMENTARY/MIDDLE,K-8,3,PRIVATE
169,EAGLES NEST CHRISTIAN SCHOOL,501 W KING ST,19144,ELEMENTARY/MIDDLE,K-8,3,PRIVATE
170,FAITH TABERNACLE SCHOOL,3611 N RANDOLPH ST,19140,ELEMENTARY/MIDDLE/HIGH,1-12,3,PRIVATE
171,CAMELOT THERAPEUTIC DAY SCHOOL OF PHILADELPHIA,5612 GREENE ST,19144,UNGRADED,9-12,1,DISTRICT
172,WOODBINE ACADEMY INC,5337 WYNNEFIELD AVE,19131,ELEMENTARY SCHOOL,PREK-5,3,PRIVATE
173,JAMESON CHRISTIAN ACADEMY,5301 WYNNEFIELD AVE,19131,ELEMENTARY/MIDDLE/HIGH,K-12,3,PRIVATE
174,AL-AQSA ISLAMIC SCHOOL,1501-11 GERMANTOWN AVE,19122,ELEMENTARY/MIDDLE/HIGH,K-12,3,PRIVATE
175,BLAIR CHRISTIAN ACADEMY & PRESCHOOL,212-20 W UPSAL ST,19119,ELEMENTARY/MIDDLE,PREK-8,3,PRIVATE
176,CALVARY CHRISTIAN ACADEMY,13500 PHILMONT AVE,19116,ELEMENTARY/MIDDLE/HIGH,PREK-12,3,PRIVATE
177,CELESTIAL CHRISTIAN ACADEMY,2534 W THOMPSON ST,19121,ELEMENTARY/MIDDLE,PREK-8,3,PRIVATE
178,HAROLD O DAVIS CHRISTIAN SCHOOL,1001 W WINGOHOCKING ST,19140,ELEMENTARY/MIDDLE,PREK-5,3,PRIVATE
179,INTERNATIONAL CHRISTIAN HIGH SCHOOL,5500 TABOR AVE,19120,HIGH SCHOOL,9-12,3,PRIVATE
180,POLITZ HEBREW ACADEMY,9229 OLD BUSTLETON AVE,19115,ELEMENTARY/MIDDLE,K-8,3,PRIVATE
181,LASALLE ACADEMY,1432-36 N 2ND ST,19122,ELEMENTARY/MIDDLE,3-8,3,PRIVATE
182,QUBA INSTITUTE OF ARABIC & ISLAMIC STUDIES,4637 LANCASTER AVE,19131,ELEMENTARY/MIDDLE,PREK-8,3,PRIVATE
183,SHAARE SHAMAYIM-BETH JUDAH KINDERGARTEN,9768 VERREE RD,19115,PRE-SCHOOL,PREK,3,PRIVATE
184,TALMUDICAL YESHIVA OF PHILADELPHIA,6055-63 DREXEL RD,19131,HIGH SCHOOL,9-12,3,PRIVATE
185,CITY KIDS,2311 S 13TH ST,19148,KINDERGARTEN,PREK-K,3,PRIVATE
186,NEW LIFE ALTERNATIVES CHRISTIAN ACADEMY,1993-95 N 63RD ST,19151,ELEMENTARY SCHOOL,K-4,3,PRIVATE
187,FIRST CENTURY GOSPEL SCHOOL,6807 RISING SUN AVE,19111,ELEMENTARY/MIDDLE/HIGH,1-10,3,PRIVATE
188,HOPE CHURCH SCHOOL,6707 OLD YORK RD,19126,ELEMENTARY/MIDDLE/HIGH,PREK-12,3,PRIVATE
189,HUNTING PARK CHRISTIAN ACADEMY,601 W CAYUGA ST,19140,ELEMENTARY/MIDDLE,PREK-8,3,PRIVATE
190,THE CITY SCHOOL,910 N 6TH ST,19103,MIDDLE/HIGH,6-12,3,PRIVATE
191,CREFELD SCHOOL,8836 CREFELD ST,19118,MIDDLE/HIGH,7-12,3,PRIVATE
192,HOLMESBURG CHRISTIAN ACADEMY,7923 FRANKFORD AVE,19136,ELEMENTARY/MIDDLE,PREK-8,3,PRIVATE
193,GERMANTOWN FRIENDS SCHOOL,31 W COULTER ST,19144,ELEMENTARY/MIDDLE/HIGH,K-12,3,PRIVATE
194,GREENE STREET FRIENDS SCHOOL,5511 GREENE ST,19144,ELEMENTARY/MIDDLE,PREK-8,3,PRIVATE
195,WALDORF SCHOOL OF PHILADELPHIA,6000 WAYNE AVE,19144,ELEMENTARY/MIDDLE,PREK-8,3,PRIVATE
196,BIG BACKYARD,226 E GOWEN AVE,19119,PRE-SCHOOL,PREK,3,PRIVATE
197,JESUS IS THE WAY CHRISTIAN ACADEMY,6753 GERMANTOWN AVE,19119,UNGRADED,PREK-8,3,PRIVATE
198,COOPERATIVE NURSERY SCHOOL,6509 LINCOLN DR,19119,PRE-SCHOOL,PREK,3,PRIVATE
199,"CHESTERBROOK ACADEMY
",510 WALNUT ST,19106,PRE-SCHOOL,PRE-SCHOOL,3,PRIVATE
200,CLARKE SCHOOLS FOR HEARING AND SPEECH,625 WISTER STREET,19144,PRE-SCHOOL,PREK-K,3,PRIVATE
201,COMPUTER KIDZ CHRISTIAN ACADEMY,2243-57 N. 20TH ST,19132,PRE-SCHOOL,PRE-SCHOOL,3,PRIVATE
202,CRISTO REY PHILADELPHIA HIGH SCHOOL,5218 N BROAD ST,19141,HIGH SCHOOL,9-12,3,ARCHDIOCESE
203,EDUCATION NATION CHRISTIAN ACADEMY,13 E MOUNT PLEASANT AVE,19119,,,3,PRIVATE
204,GREEN TREE SCHOOL,1196 E WASHINGTON LN,19138,SPECIAL CENTER,UNGRADED,3,PRIVATE
205,"IN THE BEGINNING, INC.",5200 WYNNEFIELD AVENUE,19131,KINDERGARTEN,PREK-K,3,PRIVATE
206,OLNEY CHRISTIAN SCHOOL,425 E. ROOSEVELT BLVD,19120,ELEMENTARY SCHOOL,K-8,3,PRIVATE
207,OUR LADY OF HOPE REGIONAL CATHOLIC SCHOOL,1248 JACKSON STREET,19148,ELEMENTARY/MIDDLE,PREK-8,3,ARCHDIOCESE
208,PHILADELPHIA CLASSICAL SCHOOL,1636 SANSOM ST,19103,ELEMENTARY/MIDDLE,K-8,3,PRIVATE
209,PHILADELPHIA FREE SCHOOL,801 S 48TH ST,19143,ELEMENTARY/MIDDLE/HIGH,PREK-12,3,PRIVATE
210,SCHOOL OF FAITH IN GOD,1680-82 BRIDGE STREET,19124,ELEMENTARY/MIDDLE/HIGH,K-12,3,PRIVATE
211,SMART CENTER ACADEMY,3301-33 W. WESTMORELAND ST,19129,PRE-SCHOOL,PRE-SCHOOL,3,PRIVATE
212,ST ANTHONY OF PADUA REGIONAL CATHOLIC SCHOOL,913 PIERCE ST,19148,ELEMENTARY/MIDDLE,PREK-8,3,ARCHDIOCESE
213,GAN CHABAD,7620 CASTOR AVE,19152,KINDERGARTEN,PREK-K,3,PRIVATE
214,ACADEMY AT PALUMBO,1100 CATHARINE ST,19147,HIGH SCHOOL,9-12,1,DISTRICT
215,"ADAIRE, ALEXANDER SCHOOL",1300 E PALMER ST,19125,ELEMENTARY/MIDDLE,K-8,1,DISTRICT
216,"ALLEN, DR. ETHEL SCHOOL",3200 W LEHIGH AVE,19132,ELEMENTARY/MIDDLE,K-8,1,DISTRICT
217,"ALLEN, ETHAN SCHOOL",6329 BATTERSBY ST,19149,ELEMENTARY/MIDDLE,K-8,1,DISTRICT
218,AMY 5 AT JAMES MARTIN,3380 RICHMOND ST,19134,MIDDLE SCHOOL,6-8,1,DISTRICT
219,AMY NORTHWEST,6000 RIDGE AVE,19128,MIDDLE SCHOOL,6-8,1,DISTRICT
220,"ANDERSON, ADD B. SCHOOL",1034 S 60TH ST,19143,ELEMENTARY/MIDDLE,K-8,1,DISTRICT
221,"ARTHUR, CHESTER A. SCHOOL",2000 CATHARINE ST,19146,ELEMENTARY/MIDDLE,K-8,1,DISTRICT
222,ARTS ACADEMY AT BENJAMIN RUSH,11081 KNIGHTS RD,19154,HIGH SCHOOL,9-12,1,DISTRICT
223,BACHE-MARTIN SCHOOL,2201 BROWN ST,19130,ELEMENTARY/MIDDLE,K-8,1,DISTRICT
224,BALDI MIDDLE SCHOOL,8801 VERREE RD,19115,MIDDLE SCHOOL,6-8,1,DISTRICT
225,"BARRY, JOHN ELEMENTARY SCHOOL",5900 RACE ST,19139,ELEMENTARY/MIDDLE,K-8,1,DISTRICT
226,BARTON SCHOOL,4600 ROSEHILL ST,19120,ELEMENTARY SCHOOL,K-2,1,DISTRICT
227,"BARTRAM, JOHN HIGH SCHOOL",2401 S 67TH ST,19142,HIGH SCHOOL,9-12,1,DISTRICT
228,"BETHUNE, MARY MCLEOD SCHOOL",3301 OLD YORK RD,19140,ELEMENTARY/MIDDLE,K-8,1,DISTRICT
229,"BLAINE, JAMES G. SCHOOL",3001 W BERKS ST,19121,ELEMENTARY/MIDDLE,K-8,1,DISTRICT
230,"BLANKENBURG, RUDOLPH SCHOOL",4600 W GIRARD AVE,19131,ELEMENTARY/MIDDLE,K-8,1,DISTRICT
231,"BODINE, WILLIAM W. HIGH SCHOOL",1101 N 4TH ST,19123,HIGH SCHOOL,9-12,1,DISTRICT
232,"BREGY, F. AMEDEE SCHOOL",1700 BIGLER ST,19145,ELEMENTARY/MIDDLE,K-8,1,DISTRICT
233,BRIDESBURG SCHOOL,2824 JENKS ST,19137,ELEMENTARY/MIDDLE,K-8,1,DISTRICT
234,"BROWN, HENRY A. SCHOOL",1946 E SERGEANT ST,19125,ELEMENTARY/MIDDLE,K-8,1,DISTRICT
235,"BROWN, JOSEPH H. SCHOOL",3600 STANWOOD ST,19136,ELEMENTARY SCHOOL,K-6,1,DISTRICT
236,"BRYANT, WILLIAM C. SCHOOL",6001 CEDAR AVE,19143,ELEMENTARY/MIDDLE,K-8,1,DISTRICT
237,BUILDING 21,6501 LIMEKILN PIKE,19138,HIGH SCHOOL,9-12,1,DISTRICT
238,"CARNELL, LAURA H. SCHOOL",1100 DEVEREAUX AVE,19111,ELEMENTARY SCHOOL,K-5,1,DISTRICT
239,"CASSIDY,LEWIS C ACADEMICS PLUS",6523 LANSDOWNE AVE,19151,ELEMENTARY/MIDDLE,K-8,1,DISTRICT
240,"CATHARINE, JOSEPH SCHOOL",6600 CHESTER AVE,19142,ELEMENTARY SCHOOL,K-5,1,DISTRICT
241,CAYUGA SCHOOL,4344 N 5TH ST,19140,ELEMENTARY SCHOOL,K-5,1,DISTRICT
242,CENTRAL HIGH SCHOOL,1700 W OLNEY AVE,19141,HIGH SCHOOL,9-12,1,DISTRICT
243,"CHILDS, GEORGE W. SCHOOL",1599 WHARTON ST,19146,ELEMENTARY/MIDDLE,K-8,1,DISTRICT
244,"CLEMENTE, ROBERTO MIDDLE SCHOOL",122 W ERIE AVE,19140,MIDDLE SCHOOL,6-8,1,DISTRICT
245,"COMEGYS, BENJAMIN B. SCHOOL",5100 GREENWAY AVE,19143,ELEMENTARY/MIDDLE,K-8,1,DISTRICT
246,"COMLY, WATSON SCHOOL",1001 BYBERRY RD,19116,ELEMENTARY SCHOOL,K-5,1,DISTRICT
247,"MCDANIEL, DELAPLAINE SCHOOL",1801 S 22ND ST,19145,ELEMENTARY/MIDDLE,K-8,1,DISTRICT
248,"MCKINLEY, WILLIAM SCHOOL",2101 N ORKNEY ST,19122,ELEMENTARY/MIDDLE,K-8,1,DISTRICT
249,"MEADE, GEN. GEORGE G. SCHOOL",1600 N 18TH ST,19121,ELEMENTARY/MIDDLE,K-8,1,DISTRICT
250,"MEEHAN, AUSTIN MIDDLE SCHOOL",3001 RYAN AVE,19152,MIDDLE SCHOOL,7-8,1,DISTRICT
251,"MEREDITH, WILLIAM M. SCHOOL",725 S 5TH ST,19147,ELEMENTARY/MIDDLE,K-8,1,DISTRICT
252,"MIFFLIN, THOMAS SCHOOL",3624 CONRAD ST,19129,ELEMENTARY/MIDDLE,K-8,1,DISTRICT
253,MITCHELL ELEMENTARY SCHOOL,5500 KINGSESSING AVE,19143,ELEMENTARY/MIDDLE,K-8,1,DISTRICT
254,"MOFFET, JOHN SCHOOL",127 W OXFORD ST,19122,ELEMENTARY SCHOOL,K-5,1,DISTRICT
255,"MOORE, J. HAMPTON SCHOOL",6900 SUMMERDALE AVE,19111,ELEMENTARY SCHOOL,K-5,1,DISTRICT
256,"MORRIS, ROBERT SCHOOL",2600 W THOMPSON ST,19121,ELEMENTARY/MIDDLE,K-8,1,DISTRICT
257,"MORRISON, ANDREW J. SCHOOL",5100 N 3RD ST,19120,ELEMENTARY/MIDDLE,K-8,1,DISTRICT
258,"MORTON, THOMAS G. SCHOOL",2501 S 63RD ST,19142,ELEMENTARY SCHOOL,K-5,1,DISTRICT
259,MOTIVATION HIGH SCHOOL,5900 BALTIMORE AVE,19143,HIGH SCHOOL,9-12,1,DISTRICT
260,"MUNOZ-MARIN, HON LUIS SCHOOL",3300 N 3RD ST,19140,ELEMENTARY/MIDDLE,K-8,1,DISTRICT
261,MYA-MIDDLE YEARS ALTERNATIVE,4725 FAIRMOUNT AVE,19139,MIDDLE SCHOOL,5-8,1,DISTRICT
262,"NEBINGER, GEORGE W. SCHOOL",601 CARPENTER ST,19147,ELEMENTARY/MIDDLE,K-8,1,DISTRICT
263,NORTHEAST HIGH SCHOOL,1601 COTTMAN AVE,19111,HIGH SCHOOL,9-12,1,DISTRICT
264,OLNEY ELEMENTARY SCHOOL,5301 N WATER ST,19120,ELEMENTARY/MIDDLE,K-8,1,DISTRICT
265,OVERBROOK EDUCATIONAL CENTER,6722 LANSDOWNE AVE,19151,ELEMENTARY/MIDDLE,K-8,1,DISTRICT
266,CHRIST INDEPENDENT BAPTIST ACADEMY,1618 WOMRATH ST,19124,,K-12,3,PRIVATE
267,HIGH SCHOOL OF THE FUTURE,4021 PARKSIDE AVE,19104,HIGH SCHOOL,9-12,1,DISTRICT
268,HILL-FREEDMAN WORLD ACADEMY,1100 E MT PLEASANT AVE,19150,MIDDLE/HIGH,6-12,1,DISTRICT
269,"HOLME, THOMAS SCHOOL",9125 ACADEMY RD,19114,ELEMENTARY SCHOOL,K-6,1,DISTRICT
270,"HOPKINSON, FRANCIS SCHOOL",4001 L ST,19124,ELEMENTARY/MIDDLE,K-8,1,DISTRICT
271,"HOUSTON, HENRY H. SCHOOL",7300 RURAL LN,19119,ELEMENTARY/MIDDLE,K-8,1,DISTRICT
272,"HOWE, JULIA WARD SCHOOL",5800 N 13TH ST,19141,ELEMENTARY SCHOOL,K-5,1,DISTRICT
273,"HUNTER, WILLIAM H. SCHOOL",2400 N FRONT ST,19133,ELEMENTARY/MIDDLE,K-8,1,DISTRICT
274,"JACKSON, ANDREW SCHOOL",1213 S 12TH ST,19147,ELEMENTARY/MIDDLE,K-8,1,DISTRICT
275,JENKS ACADEMY ARTS & SCIENCES,8301 GERMANTOWN AVE,19118,ELEMENTARY/MIDDLE,K-8,1,DISTRICT
276,"JENKS, ABRAM SCHOOL",2501 S 13TH ST,19148,ELEMENTARY SCHOOL,K-5,1,DISTRICT
277,JUNIATA PARK ACADEMY,801 E HUNTING PARK AVE,19124,ELEMENTARY/MIDDLE,K-8,1,DISTRICT
278,"KEARNY, GEN. PHILIP SCHOOL",601 FAIRMOUNT AVE,19123,ELEMENTARY/MIDDLE,K-8,1,DISTRICT
279,"KELLEY, WILLIAM D. SCHOOL",1601 N 28TH ST,19121,ELEMENTARY/MIDDLE,K-8,1,DISTRICT
280,"KELLY, JOHN B. SCHOOL",5116 PULASKI AVE,19144,ELEMENTARY SCHOOL,K-5,1,DISTRICT
281,KENDERTON ELEMENTARY,1500 W ONTARIO ST,19140,ELEMENTARY/MIDDLE,K-8,1,DISTRICT
282,KENSINGTON CAPA,1901 N FRONT ST,19122,HIGH SCHOOL,9-12,1,DISTRICT
283,KENSINGTON HEALTH SCIENCES,2463 EMERALD ST,19125,HIGH SCHOOL,9-12,1,DISTRICT
284,KENSINGTON HIGH SCHOOL,2501 CORAL ST,19125,HIGH SCHOOL,9-12,1,DISTRICT
285,"KEY, FRANCIS SCOTT SCHOOL",2230 S 8TH ST,19148,ELEMENTARY SCHOOL,K-6,1,DISTRICT
286,"KING, MARTIN LUTHER HIGH SCHOOL",6100 STENTON AVE,19138,HIGH SCHOOL,9-12,1,DISTRICT
287,"KIRKBRIDE, ELIZA B. SCHOOL",1501 S 7TH ST,19147,ELEMENTARY/MIDDLE,K-8,1,DISTRICT
288,OVERBROOK ELEMENTARY SCHOOL,2032 N 62ND ST,19151,ELEMENTARY/MIDDLE,K-8,1,DISTRICT
289,OVERBROOK HIGH SCHOOL,5898 LANCASTER AVE,19131,HIGH SCHOOL,9-12,1,DISTRICT
290,PARKWAY CENTER CITY MIDDLE COLLEGE HIGH SCHOOL,540 N 13TH ST,19123,HIGH SCHOOL,9-12,1,DISTRICT
291,PARKWAY WEST HIGH SCHOOL,4725 FAIRMOUNT AVE,19139,HIGH SCHOOL,9-12,1,DISTRICT
292,PARKWAY-NORTHWEST HIGH SCHOOL,6200 CRITTENDEN ST,19138,HIGH SCHOOL,9-12,1,DISTRICT
293,"PATTERSON, JOHN M. SCHOOL",7000 BUIST AVE,19142,ELEMENTARY SCHOOL,K-4,1,DISTRICT
294,"PEIRCE, THOMAS M. SCHOOL",2300 W CAMBRIA ST,19132,ELEMENTARY SCHOOL,K-6,1,DISTRICT
295,PENN ALEXANDER SCHOOL,4209 SPRUCE ST,19104,ELEMENTARY/MIDDLE,K-8,1,DISTRICT
296,PENN TREATY HIGH SCHOOL,600 E THOMPSON ST,19125,MIDDLE/HIGH,6-12,1,DISTRICT
297,"PENNELL, JOSEPH ELEMENTARY",1800 NEDRO AVE,19141,ELEMENTARY SCHOOL,K-5,1,DISTRICT
298,"PENNYPACKER, SAMUEL SCHOOL",1858 E WASHINGTON LN,19138,ELEMENTARY/MIDDLE,K-8,1,DISTRICT
299,PENROSE SCHOOL,2515 S 78TH ST,19153,ELEMENTARY/MIDDLE,K-8,1,DISTRICT
300,PHILADELPHIA MILITARY ACADEMY,2118 N 13TH ST,19122,HIGH SCHOOL,9-12,1,DISTRICT
301,PHILADELPHIA VIRTUAL ACADEMY,440 N BROAD ST,19130,MIDDLE/HIGH,6-12,1,DISTRICT
302,"POLLOCK, ROBERT B. SCHOOL",2875 WELSH RD,19152,ELEMENTARY SCHOOL,K-6,1,DISTRICT
303,POTTER-THOMAS SCHOOL,3001 N 6TH ST,19133,ELEMENTARY/MIDDLE,K-8,1,DISTRICT
304,DEPAUL CATHOLIC SCHOOL,44 W LOGAN ST,19144,ELEMENTARY/MIDDLE,PREK-8,3,PRIVATE
305,63RD STREET MULTICULTURAL ACADEMY OF ACADEMIC EXCELLENCE,1139 N 63RD ST,19151,ELEMENTARY/MIDDLE/HIGH,PREK-12,3,PRIVATE
306,LEGACY CHRISTIAN ACADEMY,6208-10 GRAYS AVE,19142,ELEMENTARY/MIDDLE,PREK-7,3,PRIVATE
307,INDIVIDUAL ASSESSMENT MANAGER RESOURCE ACADEMY,7035 WOODLAND AVE,19142,SPECIAL CENTER,UNGRADED,3,PRIVATE
308,MIRACLE TEMPLE CHRISTIAN ACADEMY,2600 TASKER ST,19145,UNGRADED,UNGRADED,3,PRIVATE
309,TWENTY-FIRST CENTURY CHRISTIAN ACADEMY,1253 S 18TH ST,19146,PRE-SCHOOL,PRE-SCHOOL,3,PRIVATE
310,TRUE GOSPEL TABERNACLE LEARNING CENTER,1900 S 16TH ST,19145,ELEMENTARY SCHOOL,PREK-4,3,PRIVATE
311,TRINITY CHRISTIAN SCHOOL,2300-34 S 18TH ST,19145,PRE-SCHOOL,PREK,3,PRIVATE
312,TACONY ACADEMY CHARTER SCHOOL,6201 KEYSTONE ST,19135,HIGH SCHOOL,9-12,2,CHARTER
313,PENNSYLVANIA SCHOOL FOR THE DEAF,100-52 W SCHOOL HOUSE LA,19144,ELEMENTARY/MIDDLE/HIGH,PREK-12,3,PRIVATE
314,OVERBROOK SCHOOL FOR BLIND,6333 MALVERN AVE,19151,ELEMENTARY/MIDDLE/HIGH,PREK-12,3,PRIVATE
315,GIRARD COLLEGE,2101 S COLLEGE AVE,19121,ELEMENTARY/MIDDLE/HIGH,1-12,3,PRIVATE
316,THE CITY SCHOOL AT SPRUCE HILL,4115 BALTIMORE AVE,19104,ELEMENTARY SCHOOL,K-5,3,PRIVATE
317,NEW HOPE CHRISTIAN ACADEMY,1345 MCFERRAN STREET,19140,ELEMENTARY/MIDDLE/HIGH,PREK-12,3,PRIVATE
318,BRIDGE WAY SCHOOL,7360 JACKSON ST,19136,UNGRADED,9-12,3,PRIVATE
319,SEEDLINGS EARLY CARE AND EDUCATION PROGRAM,3300 HENRY AVE,19129,PRE-SCHOOL,PREK,3,PRIVATE
320,OVERBROOK PRESBYTERIAN CHURCH PRESCHOOL & KINDERGARTEN,6376-78 CITY AVE,19151,KINDERGARTEN,PREK-K,3,PRIVATE
321,ANN KIDS,10100 JAMISON AVE,19116,PRE-SCHOOL,PRE-SCHOOL,3,PRIVATE
322,METHODIST SERVICES FOR CHILDREN AND FAMILIES,4300 MONUMENT RD,19131,KINDERGARTEN,PREK-K,3,PRIVATE
323,"WAGNER, GEN. LOUIS MIDDLE SCH.",1701 CHELTEN AVE,19126,MIDDLE SCHOOL,6-8,1,DISTRICT
324,"WARING, LAURA W. SCHOOL",1801 GREEN ST,19130,ELEMENTARY/MIDDLE,K-8,1,DISTRICT
325,"WASHINGTON, GEORGE HIGH SCHOOL",10175 BUSTLETON AVE,19116,HIGH SCHOOL,9-12,1,DISTRICT
326,"WASHINGTON, GROVER JR. MIDDLE",201 E OLNEY AVE,19120,MIDDLE SCHOOL,5-8,1,DISTRICT
327,"WASHINGTON, MARTHA SCHOOL",766 N 44TH ST,19104,ELEMENTARY/MIDDLE,K-8,1,DISTRICT
328,"WEBSTER, JOHN H. SCHOOL",3400 FRANKFORD AVE,19134,ELEMENTARY SCHOOL,K-5,1,DISTRICT
329,"WELSH, JOHN SCHOOL",2331 N 4TH ST,19133,ELEMENTARY/MIDDLE,K-8,1,DISTRICT
330,WEST PHILADELPHIA HIGH SCHOOL,4901 CHESTNUT ST,19139,HIGH SCHOOL,9-12,1,DISTRICT
331,"MATH, SCIENCE AND TECHNOLOGY",1800 BYBERRY RD,19116,ELEMENTARY/MIDDLE/HIGH,K-12,2,CHARTER
332,MEMPHIS ST. CHARTER @ JP JONES,2950 MEMPHIS ST,19134,MIDDLE SCHOOL,5-8,2,CHARTER
333,MULTI-CULTURAL ACADEMY,3821 N BROAD ST,19140,HIGH SCHOOL,9-12,2,CHARTER
334,NEW FOUNDATIONS CHARTER SCHOOL,8001 TORRESDALE AVE,19136,ELEMENTARY/MIDDLE/HIGH,K-12,2,CHARTER
335,NORTHEAST HIGH SCHOOL EOP,1601 COTTMAN AVE,19111,HIGH SCHOOL,9-12,1,DISTRICT
336,NORTHWOOD CHARTER SCHOOL,4621 CASTOR AVE,19124,ELEMENTARY/MIDDLE,K-8,2,CHARTER
337,OIC CADI,444 N 3RD ST,19123,HIGH SCHOOL,9-12,1,CONTRACTED
338,OMBUDSMAN ACCELERATED NORTHWST,2111 EASTBURN AVE,19138,HIGH SCHOOL,9-12,1,CONTRACTED
339,ONE BRIGHT RAY-ELMWOOD CAMPUS,6404 ELMWOOD AVE,19142,HIGH SCHOOL,9-12,1,CONTRACTED
340,ONE BRIGHT RAY-FAIRHILL CAMPUS,2820 N 4TH ST,19133,HIGH SCHOOL,9-12,1,CONTRACTED
341,ONE BRIGHT RAY-SIMPSON CAMPUS,1142 E ERIE AVE,19124,HIGH SCHOOL,9-12,1,CONTRACTED
342,PAN AMERICAN ACADEMY CHARTER,2830 N AMERICAN ST,19133,ELEMENTARY/MIDDLE,K-8,2,CHARTER
343,PENNYPACK HOUSE SCHOOL,7901 STATE RD,19136,HIGH SCHOOL,9-12,1,DISTRICT
344,"GREENBERG, JOSEPH SCHOOL",600 SHARON LN,19115,ELEMENTARY/MIDDLE,K-8,1,DISTRICT
345,"GREENFIELD, ALBERT M. SCHOOL",2200 CHESTNUT ST,19103,ELEMENTARY/MIDDLE,K-8,1,DISTRICT
346,"HACKETT, HORATIO B. SCHOOL",2161 E YORK ST,19125,ELEMENTARY SCHOOL,K-5,1,DISTRICT
347,"HAMILTON, ANDREW SCHOOL",5640 SPRUCE ST,19139,ELEMENTARY/MIDDLE,K-8,1,DISTRICT
348,HANCOCK DEMONSTRATION SCHOOL,3700 MORRELL AVE,19114,ELEMENTARY/MIDDLE,K-8,1,DISTRICT
349,"HARDING, WARREN G. MIDDLE SCHOOL",2000 WAKELING ST,19124,MIDDLE SCHOOL,6-8,1,DISTRICT
350,"HARRINGTON, AVERY D. SCHOOL",5300 BALTIMORE AVE,19143,ELEMENTARY/MIDDLE,K-8,1,DISTRICT
351,"HARTRANFT, JOHN F. SCHOOL",720 W CUMBERLAND ST,19133,ELEMENTARY/MIDDLE,K-8,1,DISTRICT
352,"HENRY, CHARLES W. SCHOOL",601 CARPENTER LN,19119,ELEMENTARY/MIDDLE,K-8,1,DISTRICT
353,"HESTON, EDWARD SCHOOL",1621 N 54TH ST,19131,ELEMENTARY/MIDDLE,K-8,1,DISTRICT
354,"LAMBERTON,ROBERT E ELEMENTARY",7501 WOODBINE AVE,19151,ELEMENTARY/MIDDLE,K-8,1,DISTRICT
355,LANKENAU HIGH SCHOOL,201 SPRING LANE,19128,HIGH SCHOOL,9-12,1,DISTRICT
356,"LAWTON, HENRY W. SCHOOL",6101 JACKSON ST,19135,ELEMENTARY SCHOOL,K-5,1,DISTRICT
357,"LEA, HENRY C.",4700 LOCUST ST,19139,ELEMENTARY/MIDDLE,K-8,1,DISTRICT
358,"LINCOLN, ABRAHAM HIGH SCHOOL",3201 RYAN AVE,19136,HIGH SCHOOL,9-12,1,DISTRICT
359,"LINGELBACH, ANNA L. SCHOOL",6340 WAYNE AVE,19144,ELEMENTARY/MIDDLE,K-8,1,DISTRICT
360,"LOCKE, ALAIN SCHOOL",4550 HAVERFORD AVE,19139,ELEMENTARY/MIDDLE,K-8,1,DISTRICT
361,"LOESCHE, WILLIAM H. SCHOOL",595 TOMLINSON RD,19116,ELEMENTARY SCHOOL,K-5,1,DISTRICT
362,"LOGAN, JAMES SCHOOL",1700 LINDLEY AVE,19141,ELEMENTARY SCHOOL,K-5,1,DISTRICT
363,"LONGSTRETH, WILLIAM C. SCHOOL",5700 WILLOWS AVE,19143,ELEMENTARY/MIDDLE,K-8,1,DISTRICT
364,"LOWELL, JAMES R. SCHOOL",450 W NEDRO AVE,19120,ELEMENTARY SCHOOL,K-4,1,DISTRICT
365,"LUDLOW, JAMES R. SCHOOL",550 W MASTER ST,19122,ELEMENTARY/MIDDLE,K-8,1,DISTRICT
366,"MARSHALL, JOHN SCHOOL",4500 GRISCOM ST,19124,ELEMENTARY SCHOOL,K-5,1,DISTRICT
367,"MARSHALL, THURGOOD SCHOOL",5120 N 6TH ST,19120,ELEMENTARY/MIDDLE,K-8,1,DISTRICT
368,"MASTBAUM, JULES E. HIGH SCHOOL",3116 FRANKFORD AVE,19134,HIGH SCHOOL,9-12,1,DISTRICT
369,"MASTERMAN,JULIA R. HIGH SCHOOL",1699 SPRING GARDEN ST,19130,MIDDLE/HIGH,5-12,1,DISTRICT
370,MAYFAIR SCHOOL,3001 PRINCETON AVE,19149,ELEMENTARY/MIDDLE,K-8,1,DISTRICT
371,"MC CALL, GEN. GEORGE A. SCHOOL",325 S 7TH ST,19106,ELEMENTARY/MIDDLE,K-8,1,DISTRICT
372,"MC CLURE, ALEXANDER K. SCHOOL",600 W HUNTING PARK AVE,19140,ELEMENTARY SCHOOL,K-5,1,DISTRICT
373,"MC MICHAEL, MORTON SCHOOL",3543 FAIRMOUNT AVE,19104,ELEMENTARY/MIDDLE,K-8,1,DISTRICT
374,"MCCLOSKEY, JOHN F. SCHOOL",8500 PICKERING ST,19150,ELEMENTARY/MIDDLE,K-8,1,DISTRICT
375,EXCEL MIDDLE YEARS ACADEMY,4300 WESTMINSTER AVE,19104,MIDDLE SCHOOL,6-8,1,CONTRACTED
376,FIRST PHILADELPHIA CHARTER,4300 TACONY ST,19124,ELEMENTARY/MIDDLE/HIGH,K-12,2,CHARTER
377,FOLK ARTS CULTURAL TREASURES,1023 CALLOWHILL ST,19123,ELEMENTARY/MIDDLE,K-8,2,CHARTER
378,FRANKLIN HIGH SCHOOL EOP,540 N 13TH ST,19130,HIGH SCHOOL,9-12,1,DISTRICT
379,FRANKLIN TOWNE CHARTER SCHOOL,5301 TACONY ST,19137,HIGH SCHOOL,9-12,2,CHARTER
380,FRANKLIN TOWNE ELEMENTARY,4259 RICHMOND ST,19137,ELEMENTARY/MIDDLE,K-8,2,CHARTER
381,FREIRE CHARTER SCHOOL,2027 CHESTNUT ST,19103,MIDDLE/HIGH,9-12,2,CHARTER
382,G.L.A. CHARTER @ HUEY,5200 PINE ST,19143,ELEMENTARY/MIDDLE,K-8,2,CHARTER
383,GATEWAY TO COLLEGE,1700 SPRING GARDEN ST RM M1-24,19130,HIGH SCHOOL,9-12,1,CONTRACTED
384,GLOBAL LEADERSHIP ACADEMY,4601 W GIRARD AVE,19131,ELEMENTARY/MIDDLE,K-8,2,CHARTER
385,GREEN WOODS CHARTER SCHOOL,468 DOMINO LANE,19128,ELEMENTARY/MIDDLE,K-8,2,CHARTER
386,HARAMBEE INSTITUTE OF SCIENCE,640 N 66TH ST,19151,ELEMENTARY/MIDDLE,K-8,2,CHARTER
387,MASTERY CHARTER AT HARDY WILLIAMS,5400 WARRINGTON AVE,19143,ELEMENTARY/MIDDLE/HIGH,K-12,2,CHARTER
388,IMHOTEP CHARTER SCHOOL,6201 N 21ST ST,19138,HIGH SCHOOL,9-12,2,CHARTER
389,INDEPENDENCE CHARTER SCHOOL,1600 LOMBARD ST,19146,ELEMENTARY/MIDDLE,K-8,2,CHARTER
390,INDEPENDENCE CHARTER WEST,5600 CHESTER AVE,19143,ELEMENTARY SCHOOL,K-6,2,CHARTER
391,INQUIRY CHARTER SCHOOL,1301 BELMONT AVE,19104,ELEMENTARY SCHOOL,K-5,2,CHARTER
392,KEYSTONE ACADEMY CHARTER,4521 LONGSHORE AVE,19135,ELEMENTARY/MIDDLE,K-8,2,CHARTER
393,KIPP DUBOIS CHARTER SCHOOL,5070 PARKSIDE AVE,19131,HIGH SCHOOL,9-12,2,CHARTER
394,KIPP PHILADELPHIA CHARTER,2539 N 16TH ST,19132,ELEMENTARY/MIDDLE,K-8,2,CHARTER
395,KIPP WEST PHILA CHARTER SCHOOL,5900 BALTIMORE AVE,19143,MIDDLE SCHOOL,5-8,2,CHARTER
396,KIPP WEST PHILA PREP CHARTER,5900 BALTIMORE AVE,19143,MIDDLE SCHOOL,5-8,2,CHARTER
397,LAB SCH OF COMMUNICAT'N & LANG,800 NORTH ORIANNA ST,19123,ELEMENTARY/MIDDLE,K-8,2,CHARTER
398,LIGUORI ACADEMY-FORTIS,1952 E ALLEGHENY AVE,19134,HIGH SCHOOL,9-12,1,CONTRACTED
399,LINDLEY ACADEMY CHARTER @ BIRNEY,900 LINDLEY AVE,19141,ELEMENTARY/MIDDLE,K-8,2,CHARTER
400,MARIANA BRACETTI ACADEMY,1840 TORRESDALE AVE,19124,ELEMENTARY/MIDDLE/HIGH,K-12,2,CHARTER
401,MARITIME ACADEMY CHARTER,2275 BRIDGE ST,19137,ELEMENTARY/MIDDLE/HIGH,1-12,2,CHARTER
402,MAST COMMUNITY CHARTER II,6501 NEW STATE RD,19135,ELEMENTARY SCHOOL,K-6,2,CHARTER
403,MASTERY CHARTER @ CLEVELAND,3701 N 19TH ST,19140,ELEMENTARY/MIDDLE,K-8,2,CHARTER
404,MASTERY CHARTER @ CLYMER,1201 W RUSH ST,19133,ELEMENTARY SCHOOL,K-6,2,CHARTER
405,MASTERY CHARTER @ GRATZ HIGH,1798 W HUNTING PARK AVE,19140,MIDDLE/HIGH,7-12,2,CHARTER
406,MASTERY CHARTER @ HARRITY,5601 CHRISTIAN ST,19143,ELEMENTARY/MIDDLE,K-8,2,CHARTER
407,MASTERY CHARTER @ MANN,5376 W BERKS ST,19131,ELEMENTARY SCHOOL,K-6,2,CHARTER
408,MASTERY CHARTER @ PASTORIUS,5650 SPRAGUE ST,19138,ELEMENTARY/MIDDLE,K-8,2,CHARTER
409,MASTERY CHARTER @ PICKETT,5700 WAYNE AVE,19144,MIDDLE/HIGH,6-12,2,CHARTER
410,"POWEL, SAMUEL SCHOOL",301 N 36TH ST,19104,ELEMENTARY SCHOOL,K-4,1,DISTRICT
411,PRINCE HALL SCHOOL,6101 N GRATZ ST,19141,ELEMENTARY SCHOOL,K-5,1,DISTRICT
412,RANDOLPH TECHNICAL HIGH SCHOOL,3101 HENRY AVE,19129,HIGH SCHOOL,9-12,1,DISTRICT
413,RHAWNHURST SCHOOL,7809 CASTOR AVE,19152,ELEMENTARY SCHOOL,K-5,1,DISTRICT
414,"RHOADS, JAMES SCHOOL",4901 PARRISH ST,19139,ELEMENTARY/MIDDLE,K-8,1,DISTRICT
415,RHODES ELEMENTARY SCHOOL,2900 W CLEARFIELD ST,19132,ELEMENTARY/MIDDLE,K-8,1,DISTRICT
416,RICHMOND SCHOOL,2944 BELGRADE ST,19134,ELEMENTARY SCHOOL,K-5,1,DISTRICT
417,"ROBESON, PAUL HIGH SCHOOL",4125 LUDLOW ST,19104,HIGH SCHOOL,9-12,1,DISTRICT
418,ROOSEVELT ELEMENTARY SCHOOL,430 E WASHINGTON LN,19144,ELEMENTARY/MIDDLE,K-8,1,DISTRICT
419,"ROWEN, WILLIAM SCHOOL",6841 N 19TH ST,19126,ELEMENTARY SCHOOL,K-5,1,DISTRICT
420,ROXBOROUGH HIGH SCHOOL,6498 RIDGE AVE,19128,HIGH SCHOOL,9-12,1,DISTRICT
421,"SAUL, WALTER B. HIGH SCHOOL",7100 HENRY AVE,19128,HIGH SCHOOL,9-12,1,DISTRICT
422,"SAYRE, WILLIAM L. HIGH SCHOOL",5800 WALNUT ST,19139,HIGH SCHOOL,9-12,1,DISTRICT
423,SCIENCE LEADERSHIP ACADEMY AT BEEBER,5925 MALVERN AVE,19131,MIDDLE/HIGH,"5-6, 9-12",1,DISTRICT
424,SCIENCE LEADERSHIP ACADEMY,440 N BROAD ST,19130,HIGH SCHOOL,9-12,1,DISTRICT
425,SCIENCE LEADERSHIP ACADEMY MIDDLE SCHOOL,3600 MARKET ST,19104,MIDDLE SCHOOL,5-8,1,DISTRICT
426,"SHARSWOOD, GEORGE SCHOOL",2300 S 2ND ST,19148,ELEMENTARY/MIDDLE,K-8,1,DISTRICT
427,SHAWMONT SCHOOL,535 SHAWMONT AVE,19128,ELEMENTARY/MIDDLE,K-8,1,DISTRICT
428,"SHEPPARD, ISAAC A. SCHOOL",120 W CAMBRIA ST,19133,ELEMENTARY SCHOOL,K-4,1,DISTRICT
429,"SHERIDAN, PHILIP H. SCHOOL",800 E ONTARIO ST,19134,ELEMENTARY SCHOOL,K-4,1,DISTRICT
430,"SOLIS-COHEN, SOLOMON SCHOOL",7001 HORROCKS ST,19149,ELEMENTARY SCHOOL,K-5,1,DISTRICT
431,SOUTH PHILADELPHIA HIGH SCHOOL,2101 S BROAD ST,19148,HIGH SCHOOL,9-12,1,DISTRICT
432,SOUTHWARK SCHOOL,1835 S 9TH ST,19148,ELEMENTARY/MIDDLE,K-8,1,DISTRICT
433,SPRING GARDEN SCHOOL,1146 MELON ST,19123,ELEMENTARY/MIDDLE,K-8,1,DISTRICT
434,"SPRUANCE, GILBERT SCHOOL",6401 HORROCKS ST,19149,ELEMENTARY/MIDDLE,K-8,1,DISTRICT
435,"STANTON, EDWIN M. SCHOOL",901 S 17TH ST,19146,ELEMENTARY/MIDDLE,K-8,1,DISTRICT
436,"STEARNE, ALLEN M. SCHOOL",1655 UNITY ST,19124,ELEMENTARY/MIDDLE,K-8,1,DISTRICT
437,"STEEL, EDWARD SCHOOL",4301 WAYNE AVE,19140,ELEMENTARY/MIDDLE,K-8,1,DISTRICT
438,STRAWBERRY MANSION HIGH SCHOOL,3133 RIDGE AVE,19121,HIGH SCHOOL,10-12,1,DISTRICT
439,"SULLIVAN, JAMES J. SCHOOL",5300 DITMAN ST,19124,ELEMENTARY SCHOOL,K-5,1,DISTRICT
440,SWENSON ARTS/TECH HIGH SCHOOL,2750 RED LION RD,19114,HIGH SCHOOL,9-12,1,DISTRICT
441,"TAGGART, JOHN H. SCHOOL",400 W PORTER ST,19148,ELEMENTARY/MIDDLE,K-8,1,DISTRICT
442,"TAYLOR, BAYARD SCHOOL",3698 N RANDOLPH ST,19140,ELEMENTARY SCHOOL,K-5,1,DISTRICT
443,THE LINC,122 W ERIE AVE,19140,HIGH SCHOOL,9-12,1,DISTRICT
444,THE U SCHOOL,2000 N 7TH ST,19122,HIGH SCHOOL,9-12,1,DISTRICT
445,THE WORKSHOP SCHOOL,221 S HANSON ST,19139,HIGH SCHOOL,9-12,1,DISTRICT
446,TILDEN MIDDLE SCHOOL,6601 ELMWOOD AVE,19142,MIDDLE SCHOOL,5-8,1,DISTRICT
447,VARE-WASHINGTON ELEMENTARY,1198 S 5TH ST,19147,ELEMENTARY/MIDDLE,K-8,1,DISTRICT
448,VAUX HIGH SCHOOL,2300 W MASTER ST,19121,HIGH SCHOOL,9-11,1,DISTRICT
449,PEOPLE FOR PEOPLE,800 N BROAD ST,19130,ELEMENTARY/MIDDLE/HIGH,K-12,2,CHARTER
450,PHILADELPHIA JUVENILE JUSTICE SERVICES CENTER,91 N 48TH ST,19139,MIDDLE/HIGH,6-12,1,DISTRICT
451,PHILADELPHIA LEARNING ACADEMY-NORTH,4224 N FRONT ST,19140,HIGH SCHOOL,8-12,1,DISTRICT
452,PHILADELPHIA LEARNING ACADEMY-SOUTH,4300 WESTMINSTER AVE,19104,HIGH SCHOOL,9-12,1,DISTRICT
453,PHILADELPHIA LEARNING ACADEMY-NORTH EOP,4224 N FRONT ST,19140,HIGH SCHOOL,8-12,1,DISTRICT
454,PHILADELPHIA LEARNING ACADEMY-SOUTH EOP,4300 WESTMINSTER AVE,19104,HIGH SCHOOL,9-12,1,DISTRICT
455,PHILADELPHIA PERFORMING ARTS-BROAD ST,2600 S BROAD ST,19145,ELEMENTARY SCHOOL,2-4,2,CHARTER
456,PHILADELPHIA ACADEMY,11000 ROOSEVELT BLVD,19116,ELEMENTARY/MIDDLE,K-8,2,CHARTER
457,PHILADELPHIA CHARTER FOR ARTS,1197 HAWORTH ST,19124,ELEMENTARY/MIDDLE,K-8,2,CHARTER
458,PHILADELPHIA ELECTRICAL AND TECHNOLOGY CHARTER SCHOOL,1420 CHESTNUT ST,19102,HIGH SCHOOL,9-12,2,CHARTER
459,PHILADELPHIA MONTESSORI,2227 ISLAND AVE,19142,ELEMENTARY SCHOOL,K-6,2,CHARTER
460,PHILADELPHIA OIC WORKFORCE ACADEMY,1231 N BROAD ST,19122,HIGH SCHOOL,9-12,1,CONTRACTED
461,PREPARATORY CHARTER SCHOOL,1928 POINT BREEZE AVE,19145,HIGH SCHOOL,9-12,2,CHARTER
462,RE-ENGAGEMENT CENTER,440 N BROAD ST,19130,HIGH SCHOOL,9-12,1,DISTRICT
463,RICHARD ALLEN PREPARATORY,2601 S 58TH ST,19143,MIDDLE SCHOOL,5-8,2,CHARTER
464,RUSSELL BYERS CHARTER SCHOOL,1911 ARCH ST,19103,ELEMENTARY/MIDDLE,K-8,2,CHARTER
465,SANKOFA FREEDOM ACADEMY,2501 KENSINGTON AVE,19125,ELEMENTARY/MIDDLE/HIGH,K-12,2,CHARTER
466,SOUTH PHILADELPHIA HIGH SCHOOL EOP,2101 S BROAD ST,19148,HIGH SCHOOL,9-12,1,DISTRICT
467,SOUTHWEST LEADERSHIP ACADEMY,7101 PASCHALL AVE,19142,ELEMENTARY/MIDDLE,K-8,2,CHARTER
468,TACONY ACADEMY CHARTER SCHOOL,1330 RHAWN ST,19111,ELEMENTARY/MIDDLE/HIGH,K-12,2,CHARTER
469,TECH FREIRE CHARTER SCHOOL,2221 N BROAD ST,19132,HIGH SCHOOL,9-12,2,CHARTER
470,UNIVERSAL ALCORN CHARTER,3200 DICKINSON ST,19146,ELEMENTARY/MIDDLE,K-8,2,CHARTER
471,UNIVERSAL AUDENRIED CHARTER,3301 TASKER ST,19145,HIGH SCHOOL,9-12,2,CHARTER
472,UNIVERSAL CHARTER @ BLUFORD,5720 MEDIA ST,19131,ELEMENTARY SCHOOL,K-6,2,CHARTER
473,UNIVERSAL CHARTER @ DAROFF,5630 VINE ST,19139,ELEMENTARY/MIDDLE,K-8,2,CHARTER
474,UNIVERSAL CREIGHTON CHARTER,5401 TABOR AVE,19120,ELEMENTARY/MIDDLE,K-8,2,CHARTER
475,UNIVERSAL INSTITUTE,801 S 15TH ST,19146,ELEMENTARY/MIDDLE,K-8,2,CHARTER
476,UNIVERSAL VARE CHARTER SCHOOL,2100 S 24TH ST,19145,MIDDLE SCHOOL,5-8,2,CHARTER
477,WEST OAK LANE CHARTER SCHOOL,7115 STENTON AVE,19138,ELEMENTARY/MIDDLE,K-8,2,CHARTER
478,WEST PHILADELPHIA ACHIEVEMENT,6701 CALLOWHILL ST,19151,ELEMENTARY SCHOOL,K-5,2,CHARTER
479,WISSAHICKON CHARTER SCHOOL,4700 WISSAHICKON AVE,19144,ELEMENTARY/MIDDLE,K-8,2,CHARTER
480,YES PHILLY,2709 N BROAD ST,19122,HIGH SCHOOL,9-12,1,CONTRACTED
481,YOUNG SCHOLARS CHARTER SCHOOL,900 N MARSHALL ST,19123,MIDDLE SCHOOL,6-8,2,CHARTER
482,YOUTHBUILD PHILADELPHIA CHARTER,1231 N BROAD ST - 3RD FLR,19122,HIGH SCHOOL,12,2,CHARTER
483,63RD ST MULTICULTURAL ACADEMY OF ACADEMIC EXCELLENCE,5828 MARKET ST,19131,ELEMENTARY/MIDDLE/HIGH,PREK-12,3,PRIVATE
484,CB COMMUNITY SCHOOLS,4101 FREELAND AVE,19128,,9-12,3,PRIVATE
485,CITY SCHOOL AT FAIRMOUNT,860 N 24TH ST,19130,ELEMENTARY SCHOOL,PREK-4,3,PRIVATE
486,COMMUNITY COUNCIL LEARNING ACADEMY,4224 N FRONT ST,19140,ELEMENTARY/MIDDLE/HIGH,,3,PRIVATE
487,CREATIVE MINDS CHRISTIAN ACADEMY,6000 W THOMPSON ST,19151,,,3,PRIVATE
488,KUMON MATH AND READING PHILADELPHIA,238 N 22ND ST,19103,UNGRADED,UNGRADED,3,PRIVATE
489,KUMON OF PHILADELPHIA- GRANT AVE,2550 GRANT AVE,19114,UNGRADED,UNGRADED,3,PRIVATE
490,MATHNASIUM OF ANDORRA,8500 HENRY AVE,19128,UNGRADED,UNGRADED,3,PRIVATE
491,ONE ON ONE TUTORING SERVICE,7047 GERMANTOWN AVE,19119,TUTORING,UNGRADED,3,PRIVATE
492,ROXBOROUGH CHRISTIAN SCHOOL,6301 RIDGE AVE,19128,ELEMENTARY SCHOOL,K-4,3,PRIVATE
493,SCHUYLKILL CENTER FOR ENVIRONMENTAL EDUCATION,8480 HAGYS MILL RD,19128,UNGRADED,UNGRADED,3,PRIVATE
494,YALE SCHOOL OF PHILADELPHIA,135 RECTOR ST,19127,ELEMENTARY/MIDDLE,1-8,3,PRIVATE
495,WIDENER MEMORIAL SCHOOL,1450 W OLNEY AVE,19141,ELEMENTARY/MIDDLE/HIGH,K-12,1,DISTRICT
496,"WILLARD, FRANCES E. SCHOOL",1930 E ELKHART ST,19134,ELEMENTARY SCHOOL,K-4,1,DISTRICT
497,"WILSON, WOODROW MIDDLE SCHOOL",1800 COTTMAN AVE,19111,MIDDLE SCHOOL,6-8,1,DISTRICT
498,"WRIGHT, RICHARD R. SCHOOL",2700 W DAUPHIN ST,19132,ELEMENTARY SCHOOL,K-5,1,DISTRICT
499,"ZIEGLER, WILLIAM H. SCHOOL",5935 SAUL ST,19149,ELEMENTARY/MIDDLE,K-8,1,DISTRICT
500,AD PRIMA CHARTER SCHOOL,1922 N 63RD ST,19151,ELEMENTARY/MIDDLE,K-8,2,CHARTER
501,ALLIANCE FOR PROGRESS CHARTER,1821 N CECIL B MOORE AVE,19121,ELEMENTARY/MIDDLE,K-8,2,CHARTER
502,ANTONIA PANTOJA CHARTER SCHOOL,4101 N AMERICAN ST,19140,ELEMENTARY/MIDDLE,K-8,2,CHARTER
503,ARCHITECTURE & DESIGN CHARTER,105 S 7TH ST,19106,HIGH SCHOOL,9-12,2,CHARTER
504,ASPIRA CHARTER @ STETSON,3200 B ST,19134,MIDDLE SCHOOL,5-8,2,CHARTER
505,ASPIRA OLNEY CHARTER HIGH,100 W DUNCANNON AVE,19120,HIGH SCHOOL,9-12,2,CHARTER
506,BELMONT ELEMENTARY CHARTER,4030 BROWN ST,19104,ELEMENTARY/MIDDLE,K-11,2,CHARTER
507,BOYS LATIN OF PHILADELPHIA CHARTER,5501 CEDAR AVE,19143,MIDDLE/HIGH,6-12,2,CHARTER
508,CAMELOT ACADEMY,1435 N 26TH ST,19121,MIDDLE/HIGH,6-12,1,CONTRACTED
509,CAMELOT ACADEMY EAST,4224 N FRONT ST,19140,MIDDLE/HIGH,7-12,1,CONTRACTED
510,CHRISTOPHER COLUMBUS CHARTER,916 CHRISTIAN ST,19147,ELEMENTARY/MIDDLE,K-4,2,CHARTER
511,COMMUNITY ACADEMY OF PHILADELPHIA,1100 E ERIE AVE,19124,ELEMENTARY/MIDDLE/HIGH,K-12,2,CHARTER
512,CROSSROADS @ HUNTING PARK,4224 N FRONT ST,19140,ELEMENTARY SCHOOL,3-6,1,DISTRICT
513,CROSSROADS ACCELERATED ACADEMY,4300 WESTMINSTER AVE,19104,MIDDLE SCHOOL,7-10,1,DISTRICT
514,DE HOSTOS CHARTER SCHOOL,6301 N 2ND ST,19120,ELEMENTARY/MIDDLE,K-8,2,CHARTER
515,DISCOVERY CHARTER SCHOOL,4700 PARKSIDE AVE,19131,ELEMENTARY/MIDDLE,K-8,2,CHARTER
516,DOUGLASS MASTERY CHARTER,2118 W NORRIS ST,19121,ELEMENTARY/MIDDLE,K-8,2,CHARTER
517,EL CENTRO DE ESTUDIANTES,4290 PENN ST,19124,HIGH SCHOOL,9-12,1,CONTRACTED
518,ESPERANZA ACADEMY CHARTER,301 W HUNTING PARK AVE,19140,ELEMENTARY/MIDDLE/HIGH,K-12,2,CHARTER
519,EXCEL ACADEMY NORTH,1435 N 26TH ST,19121,HIGH SCHOOL,9-12,1,CONTRACTED
520,EXCEL ACADEMY SOUTH,4641 ROOSEVELT BLVD,19124,HIGH SCHOOL,9-12,1,CONTRACTED
521,MASTERY CHARTER @ SMEDLEY,1790 BRIDGE ST,19124,ELEMENTARY SCHOOL,K-6,2,CHARTER
522,MASTERY CHARTER @ WISTER,67 E BRINGHURST ST,19144,ELEMENTARY SCHOOL,K-5,2,CHARTER
523,MASTERY CHARTER-LENFEST CAMPUS,35 S 4TH ST,19106,MIDDLE/HIGH,7-12,2,CHARTER
524,MASTERY CHARTER-SHOEMAKER,5301 MEDIA ST,19131,MIDDLE/HIGH,7-12,2,CHARTER
525,MASTERY CHARTER-THOMAS CAMPUS,927 JOHNSTON ST,19148,ELEMENTARY/MIDDLE/HIGH,K-12,2,CHARTER
526,"MATH, CIVICS AND SCIENCES",447 N BROAD ST,19123,ELEMENTARY/MIDDLE/HIGH,1-12,2,CHARTER
527,ONE BRIGHT RAY MANSION,3133 RIDGE AVE,19132,HIGH SCHOOL,9-12,1,CONTRACTED
528,ONE BRIGHT RAY MANSION EVENING,3133 RIDGE AVE,19132,HIGH SCHOOL,9-12,1,CONTRACTED
529,DEEP ROOTS CHARTER SCHOOL,3556 FRANKFORD AVE,19134,ELEMENTARY SCHOOL,K-5,2,CHARTER
530,MASTERY PREP ELEMENTARY CHARTER SCHOOL,1801 W PIKE ST,19140,ELEMENTARY SCHOOL,K-3,2,CHARTER
531,KIPP WEST PHILADELPHIA CHARTER SCHOOL,5070 PARKSIDE AVE,19131,ELEMENTARY SCHOOL,K-3,2,CHARTER
532,BEANSTALK LLC,729 E PASSYUNK AVE,19147,KINDERGARTEN,PREK-K,3,PRIVATE
533,MERAKEY EDUCATION CENTER- PHILA,2343 E TUCKER ST,19125,SPECIAL CENTER,,3,PRIVATE
534,PHILLY AGILE LEARNING COMMUNITY SCHOOL,2125 CHESTNUT ST,19103,ELEMENTARY/MIDDLE/HIGH,K-12,3,
535,VOCATIO CAREER PREP HIGH SCHOOL,629-33 W HUNTING PARK AVE,19140,HIGH SCHOOL,9-12,3,PRIVATE
536,KIPP NORTH PHILADELPHIA CHARTER SCHOOL,2539 N. 16TH ST.,19132,ELEMENTARY SCHOOL,K-2,2,CHARTER
537,MAST III CHARTER SCHOOL,1 CROWN WAY,19154,ELEMENTARY SCHOOL,K-5,2,CHARTER
538,PHILADELPHIA HEBREW CHARTER,3300 HENRY AVE,19129,ELEMENTARY SCHOOL,K-1,2,CHARTER
539,PHILADELPHIA PERFORMING ARTS CHARTER: STRING THEORY (E. CAMPUS),2407 S BROAD ST,19148,ELEMENTARY SCHOOL,K-1,2,CHARTER
540,EXCELSIOR SCHOOL OF PHILADELPHIA,2106 HAINES ST,19138,ELEMENTARY SCHOOL,PREK-5,3,PRIVATE
541,KINGDOM CHRISTIAN ACADEMY AND DEVELOPMENT CENTER,2852 Frankford Ave,19134,ELEMENTARY SCHOOL,K-3,3,PRIVATE
542,QUADRAT ACADEMY,222 BROWN ST,19123,MIDDLE/HIGH,7-12,3,PRIVATE
543,REVOLUTION SCHOOL,3033 W GLENWOOD AVE,19121,HIGH SCHOOL,9-12,3,PRIVATE
544,SOPHIA ACADEMY,4621 N 5TH ST,19140,HIGH SCHOOL,9-12,3,PRIVATE
